video_id,video_uuid,attack_name,psnr_mean,ssim_mean,edit_distance,normalized_edit_distance,p_value
v_GolfSwing_g23_c04.avi,video_path_20260522_022650_155935_f9457ebe,watermarking,29.866034303198724,0.620777066797018,0,0.0,0.0
v_GolfSwing_g23_c04.avi,video_path_20260522_022650_155935_f9457ebe,resized,,,0,0.0,0.0
v_GolfSwing_g23_c04.avi,video_path_20260522_022650_155935_f9457ebe,frame_dropped,,,17,0.1328125,0.0
v_GolfSwing_g23_c04.avi,video_path_20260522_022650_155935_f9457ebe,compressed,,,1,0.0078125,0.0
v_GolfSwing_g23_c04.avi,video_path_20260522_022650_155935_f9457ebe,gauss_noised,,,0,0.0,0.0
v_LongJump_g12_c05.avi,video_path_20260522_022939_475974_34653922,watermarking,32.978905655310506,0.8597431047757467,10,0.13333333333333333,0.0
v_LongJump_g12_c05.avi,video_path_20260522_022939_475974_34653922,resized,,,13,0.17333333333333334,0.0
v_LongJump_g12_c05.avi,video_path_20260522_022939_475974_34653922,frame_dropped,,,17,0.22666666666666666,0.003
v_LongJump_g12_c05.avi,video_path_20260522_022939_475974_34653922,compressed,,,19,0.25333333333333335,0.014
v_LongJump_g12_c05.avi,video_path_20260522_022939_475974_34653922,gauss_noised,,,14,0.18666666666666668,0.0
v_HandstandWalking_g07_c05.avi,video_path_20260522_023100_406101_26d87b45,watermarking,33.473303877662545,0.8847433280705208,0,0.0,0.0
v_HandstandWalking_g07_c05.avi,video_path_20260522_023100_406101_26d87b45,resized,,,5,0.02512562814070352,0.0
v_HandstandWalking_g07_c05.avi,video_path_20260522_023100_406101_26d87b45,frame_dropped,,,27,0.135678391959799,0.0
v_HandstandWalking_g07_c05.avi,video_path_20260522_023100_406101_26d87b45,compressed,,,23,0.11557788944723618,0.0
v_HandstandWalking_g07_c05.avi,video_path_20260522_023100_406101_26d87b45,gauss_noised,,,11,0.05527638190954774,0.0
v_HammerThrow_g09_c05.avi,video_path_20260522_023625_177138_04613dff,watermarking,29.27653633607876,0.6921603422965447,0,0.0,0.0
v_HammerThrow_g09_c05.avi,video_path_20260522_023625_177138_04613dff,resized,,,0,0.0,0.0
v_HammerThrow_g09_c05.avi,video_path_20260522_023625_177138_04613dff,frame_dropped,,,23,0.1678832116788321,0.0
v_HammerThrow_g09_c05.avi,video_path_20260522_023625_177138_04613dff,compressed,,,0,0.0,0.0
v_HammerThrow_g09_c05.avi,video_path_20260522_023625_177138_04613dff,gauss_noised,,,0,0.0,0.0
v_Bowling_g25_c02.avi,video_path_20260522_023931_031034_e97c3ad8,watermarking,31.499238018536804,0.8400203510728806,0,0.0,0.0
v_Bowling_g25_c02.avi,video_path_20260522_023931_031034_e97c3ad8,resized,,,1,0.005235602094240838,0.0
v_Bowling_g25_c02.avi,video_path_20260522_023931_031034_e97c3ad8,frame_dropped,,,32,0.16753926701570682,0.0
v_Bowling_g25_c02.avi,video_path_20260522_023931_031034_e97c3ad8,compressed,,,9,0.04712041884816754,0.0
v_Bowling_g25_c02.avi,video_path_20260522_023931_031034_e97c3ad8,gauss_noised,,,2,0.010471204188481676,0.0
v_HorseRace_g18_c04.avi,video_path_20260522_024436_140930_a3bfd976,watermarking,31.265337687100743,0.8140471502089165,0,0.0,0.0
v_HorseRace_g18_c04.avi,video_path_20260522_024436_140930_a3bfd976,resized,,,0,0.0,0.0
v_HorseRace_g18_c04.avi,video_path_20260522_024436_140930_a3bfd976,frame_dropped,,,32,0.11267605633802817,0.0
v_HorseRace_g18_c04.avi,video_path_20260522_024436_140930_a3bfd976,compressed,,,2,0.007042253521126761,0.0
v_HorseRace_g18_c04.avi,video_path_20260522_024436_140930_a3bfd976,gauss_noised,,,0,0.0,0.0
v_BoxingPunchingBag_g07_c05.avi,video_path_20260522_025415_812039_be9a18dc,watermarking,31.705502976710296,0.8538327828480883,2,0.006430868167202572,0.0
v_BoxingPunchingBag_g07_c05.avi,video_path_20260522_025415_812039_be9a18dc,resized,,,14,0.04501607717041801,0.0
v_BoxingPunchingBag_g07_c05.avi,video_path_20260522_025415_812039_be9a18dc,frame_dropped,,,60,0.19292604501607716,0.0
v_BoxingPunchingBag_g07_c05.avi,video_path_20260522_025415_812039_be9a18dc,compressed,,,60,0.19292604501607716,0.0
v_BoxingPunchingBag_g07_c05.avi,video_path_20260522_025415_812039_be9a18dc,gauss_noised,,,10,0.03215434083601286,0.0
v_BlowDryHair_g02_c05.avi,video_path_20260522_030527_785796_0dd5f0d2,watermarking,34.398607058084046,0.8710507886319221,44,0.18565400843881857,0.0
v_BlowDryHair_g02_c05.avi,video_path_20260522_030527_785796_0dd5f0d2,resized,,,72,0.3037974683544304,0.469
v_BlowDryHair_g02_c05.avi,video_path_20260522_030527_785796_0dd5f0d2,frame_dropped,,,84,0.35443037974683544,1.0
v_BlowDryHair_g02_c05.avi,video_path_20260522_030527_785796_0dd5f0d2,compressed,,,89,0.3755274261603376,1.0
v_BlowDryHair_g02_c05.avi,video_path_20260522_030527_785796_0dd5f0d2,gauss_noised,,,88,0.37130801687763715,1.0
v_HammerThrow_g10_c01.avi,video_path_20260522_031235_580627_3d501bbb,watermarking,32.752714561517024,0.8470984529408198,38,0.15079365079365079,0.0
v_HammerThrow_g10_c01.avi,video_path_20260522_031235_580627_3d501bbb,resized,,,113,0.44841269841269843,1.0
v_HammerThrow_g10_c01.avi,video_path_20260522_031235_580627_3d501bbb,frame_dropped,,,103,0.4087301587301587,1.0
v_HammerThrow_g10_c01.avi,video_path_20260522_031235_580627_3d501bbb,compressed,,,125,0.49603174603174605,1.0
v_HammerThrow_g10_c01.avi,video_path_20260522_031235_580627_3d501bbb,gauss_noised,,,114,0.4523809523809524,1.0
v_YoYo_g13_c02.avi,video_path_20260522_032026_103729_4c062616,watermarking,31.812670854348642,0.8362590486413977,0,0.0,0.0
v_YoYo_g13_c02.avi,video_path_20260522_032026_103729_4c062616,resized,,,0,0.0,0.0
v_YoYo_g13_c02.avi,video_path_20260522_032026_103729_4c062616,frame_dropped,,,20,0.11235955056179775,0.0
v_YoYo_g13_c02.avi,video_path_20260522_032026_103729_4c062616,compressed,,,0,0.0,0.0
v_YoYo_g13_c02.avi,video_path_20260522_032026_103729_4c062616,gauss_noised,,,0,0.0,0.0
v_PommelHorse_g12_c04.avi,video_path_20260522_032459_864079_d2fd6b73,watermarking,30.918353738260226,0.7438859430897119,0,0.0,0.0
v_PommelHorse_g12_c04.avi,video_path_20260522_032459_864079_d2fd6b73,resized,,,7,0.02280130293159609,0.0
v_PommelHorse_g12_c04.avi,video_path_20260522_032459_864079_d2fd6b73,frame_dropped,,,37,0.12052117263843648,0.0
v_PommelHorse_g12_c04.avi,video_path_20260522_032459_864079_d2fd6b73,compressed,,,34,0.11074918566775244,0.0
v_PommelHorse_g12_c04.avi,video_path_20260522_032459_864079_d2fd6b73,gauss_noised,,,8,0.026058631921824105,0.0
v_JumpRope_g20_c04.avi,video_path_20260522_033554_472227_fd3db924,watermarking,34.848864399985345,0.9441470443033705,0,0.0,0.0
v_JumpRope_g20_c04.avi,video_path_20260522_033554_472227_fd3db924,resized,,,5,0.00980392156862745,0.0
v_JumpRope_g20_c04.avi,video_path_20260522_033554_472227_fd3db924,frame_dropped,,,96,0.18823529411764706,0.0
v_JumpRope_g20_c04.avi,video_path_20260522_033554_472227_fd3db924,compressed,,,38,0.07450980392156863,0.0
v_JumpRope_g20_c04.avi,video_path_20260522_033554_472227_fd3db924,gauss_noised,,,0,0.0,0.0
v_HandStandPushups_g21_c05.avi,video_path_20260522_040232_552068_ef631912,watermarking,33.99482026211247,0.8889980705657808,0,0.0,0.0
v_HandStandPushups_g21_c05.avi,video_path_20260522_040232_552068_ef631912,resized,,,0,0.0,0.0
v_HandStandPushups_g21_c05.avi,video_path_20260522_040232_552068_ef631912,frame_dropped,,,16,0.15841584158415842,0.0
v_HandStandPushups_g21_c05.avi,video_path_20260522_040232_552068_ef631912,compressed,,,1,0.009900990099009901,0.0
v_HandStandPushups_g21_c05.avi,video_path_20260522_040232_552068_ef631912,gauss_noised,,,0,0.0,0.0
v_CricketShot_g19_c02.avi,video_path_20260522_040433_072518_4766d9af,watermarking,35.22912920229191,0.882747698913921,3,0.05454545454545454,0.0
v_CricketShot_g19_c02.avi,video_path_20260522_040433_072518_4766d9af,resized,,,4,0.07272727272727272,0.0
v_CricketShot_g19_c02.avi,video_path_20260522_040433_072518_4766d9af,frame_dropped,,,12,0.21818181818181817,0.003
v_CricketShot_g19_c02.avi,video_path_20260522_040433_072518_4766d9af,compressed,,,15,0.2727272727272727,0.072
v_CricketShot_g19_c02.avi,video_path_20260522_040433_072518_4766d9af,gauss_noised,,,8,0.14545454545454545,0.0
v_RockClimbingIndoor_g09_c01.avi,video_path_20260522_040526_936942_c7dc65c4,watermarking,32.38999527797917,0.8315676561896763,0,0.0,0.0
v_RockClimbingIndoor_g09_c01.avi,video_path_20260522_040526_936942_c7dc65c4,resized,,,2,0.007936507936507936,0.0
v_RockClimbingIndoor_g09_c01.avi,video_path_20260522_040526_936942_c7dc65c4,frame_dropped,,,35,0.1388888888888889,0.0
v_RockClimbingIndoor_g09_c01.avi,video_path_20260522_040526_936942_c7dc65c4,compressed,,,25,0.0992063492063492,0.0
v_RockClimbingIndoor_g09_c01.avi,video_path_20260522_040526_936942_c7dc65c4,gauss_noised,,,1,0.003968253968253968,0.0
v_Diving_g08_c03.avi,video_path_20260522_041321_311763_1b625ef4,watermarking,30.56850957301648,0.7761208626288402,0,0.0,0.0
v_Diving_g08_c03.avi,video_path_20260522_041321_311763_1b625ef4,resized,,,2,0.012658227848101266,0.0
v_Diving_g08_c03.avi,video_path_20260522_041321_311763_1b625ef4,frame_dropped,,,18,0.11392405063291139,0.0
v_Diving_g08_c03.avi,video_path_20260522_041321_311763_1b625ef4,compressed,,,24,0.1518987341772152,0.0
v_Diving_g08_c03.avi,video_path_20260522_041321_311763_1b625ef4,gauss_noised,,,0,0.0,0.0
v_IceDancing_g16_c06.avi,video_path_20260522_041710_198261_9edf1457,watermarking,32.89599912820555,0.8970382986975111,87,0.359504132231405,0.998
v_IceDancing_g16_c06.avi,video_path_20260522_041710_198261_9edf1457,resized,,,112,0.4628099173553719,1.0
v_IceDancing_g16_c06.avi,video_path_20260522_041710_198261_9edf1457,frame_dropped,,,111,0.45867768595041325,1.0
v_IceDancing_g16_c06.avi,video_path_20260522_041710_198261_9edf1457,compressed,,,120,0.49586776859504134,1.0
v_IceDancing_g16_c06.avi,video_path_20260522_041710_198261_9edf1457,gauss_noised,,,113,0.4669421487603306,1.0
v_Shotput_g14_c04.avi,video_path_20260522_042431_055972_fe35ad2f,watermarking,29.847375156179453,0.736063117640359,0,0.0,0.0
v_Shotput_g14_c04.avi,video_path_20260522_042431_055972_fe35ad2f,resized,,,0,0.0,0.0
v_Shotput_g14_c04.avi,video_path_20260522_042431_055972_fe35ad2f,frame_dropped,,,15,0.21428571428571427,0.0
v_Shotput_g14_c04.avi,video_path_20260522_042431_055972_fe35ad2f,compressed,,,1,0.014285714285714285,0.0
v_Shotput_g14_c04.avi,video_path_20260522_042431_055972_fe35ad2f,gauss_noised,,,0,0.0,0.0
v_BabyCrawling_g12_c06.avi,video_path_20260522_042544_682051_78899d35,watermarking,33.75626631223609,0.8629851230690556,0,0.0,0.0
v_BabyCrawling_g12_c06.avi,video_path_20260522_042544_682051_78899d35,resized,,,1,0.008064516129032258,0.0
v_BabyCrawling_g12_c06.avi,video_path_20260522_042544_682051_78899d35,frame_dropped,,,12,0.0967741935483871,0.0
v_BabyCrawling_g12_c06.avi,video_path_20260522_042544_682051_78899d35,compressed,,,7,0.056451612903225805,0.0
v_BabyCrawling_g12_c06.avi,video_path_20260522_042544_682051_78899d35,gauss_noised,,,0,0.0,0.0
v_BodyWeightSquats_g23_c03.avi,video_path_20260522_042824_508646_42f579e5,watermarking,30.921919015675503,0.7726416228568718,0,0.0,0.0
v_BodyWeightSquats_g23_c03.avi,video_path_20260522_042824_508646_42f579e5,resized,,,0,0.0,0.0
v_BodyWeightSquats_g23_c03.avi,video_path_20260522_042824_508646_42f579e5,frame_dropped,,,9,0.1232876712328767,0.0
v_BodyWeightSquats_g23_c03.avi,video_path_20260522_042824_508646_42f579e5,compressed,,,0,0.0,0.0
v_BodyWeightSquats_g23_c03.avi,video_path_20260522_042824_508646_42f579e5,gauss_noised,,,0,0.0,0.0
v_Surfing_g01_c06.avi,video_path_20260522_042941_916417_ff1bba4f,watermarking,32.870021333593655,0.8141990466296952,12,0.056338028169014086,0.0
v_Surfing_g01_c06.avi,video_path_20260522_042941_916417_ff1bba4f,resized,,,25,0.11737089201877934,0.0
v_Surfing_g01_c06.avi,video_path_20260522_042941_916417_ff1bba4f,frame_dropped,,,35,0.1643192488262911,0.0
v_Surfing_g01_c06.avi,video_path_20260522_042941_916417_ff1bba4f,compressed,,,43,0.20187793427230047,0.0
v_Surfing_g01_c06.avi,video_path_20260522_042941_916417_ff1bba4f,gauss_noised,,,37,0.17370892018779344,0.0
v_PlayingDaf_g07_c04.avi,video_path_20260522_043542_400225_9e77e9c6,watermarking,32.00654366935978,0.8679731461896475,0,0.0,0.0
v_PlayingDaf_g07_c04.avi,video_path_20260522_043542_400225_9e77e9c6,resized,,,4,0.01606425702811245,0.0
v_PlayingDaf_g07_c04.avi,video_path_20260522_043542_400225_9e77e9c6,frame_dropped,,,30,0.12048192771084337,0.0
v_PlayingDaf_g07_c04.avi,video_path_20260522_043542_400225_9e77e9c6,compressed,,,32,0.1285140562248996,0.0
v_PlayingDaf_g07_c04.avi,video_path_20260522_043542_400225_9e77e9c6,gauss_noised,,,1,0.004016064257028112,0.0
v_CricketShot_g13_c05.avi,video_path_20260522_044323_740765_25be6bde,watermarking,30.73336140616927,0.672844632017997,24,0.3870967741935484,0.875
v_CricketShot_g13_c05.avi,video_path_20260522_044323_740765_25be6bde,resized,,,24,0.3870967741935484,0.875
v_CricketShot_g13_c05.avi,video_path_20260522_044323_740765_25be6bde,frame_dropped,,,25,0.4032258064516129,0.935
v_CricketShot_g13_c05.avi,video_path_20260522_044323_740765_25be6bde,compressed,,,25,0.4032258064516129,0.935
v_CricketShot_g13_c05.avi,video_path_20260522_044323_740765_25be6bde,gauss_noised,,,24,0.3870967741935484,0.875
v_HorseRace_g04_c04.avi,video_path_20260522_044426_762081_aa78a618,watermarking,34.87141086942139,0.8996939725346036,2,0.014814814814814815,0.0
v_HorseRace_g04_c04.avi,video_path_20260522_044426_762081_aa78a618,resized,,,21,0.15555555555555556,0.0
v_HorseRace_g04_c04.avi,video_path_20260522_044426_762081_aa78a618,frame_dropped,,,29,0.21481481481481482,0.0
v_HorseRace_g04_c04.avi,video_path_20260522_044426_762081_aa78a618,compressed,,,50,0.37037037037037035,0.999
v_HorseRace_g04_c04.avi,video_path_20260522_044426_762081_aa78a618,gauss_noised,,,15,0.1111111111111111,0.0
v_Rowing_g07_c05.avi,video_path_20260522_044727_208628_2bf1fc2c,watermarking,32.55578633765158,0.8202145484910495,0,0.0,0.0
v_Rowing_g07_c05.avi,video_path_20260522_044727_208628_2bf1fc2c,resized,,,1,0.002898550724637681,0.0
v_Rowing_g07_c05.avi,video_path_20260522_044727_208628_2bf1fc2c,frame_dropped,,,63,0.1826086956521739,0.0
v_Rowing_g07_c05.avi,video_path_20260522_044727_208628_2bf1fc2c,compressed,,,14,0.04057971014492753,0.0
v_Rowing_g07_c05.avi,video_path_20260522_044727_208628_2bf1fc2c,gauss_noised,,,4,0.011594202898550725,0.0
v_BalanceBeam_g15_c02.avi,video_path_20260522_050046_149883_e900ed85,watermarking,31.57769240038195,0.7728092082341512,5,0.06666666666666667,0.0
v_BalanceBeam_g15_c02.avi,video_path_20260522_050046_149883_e900ed85,resized,,,11,0.14666666666666667,0.0
v_BalanceBeam_g15_c02.avi,video_path_20260522_050046_149883_e900ed85,frame_dropped,,,20,0.26666666666666666,0.03
v_BalanceBeam_g15_c02.avi,video_path_20260522_050046_149883_e900ed85,compressed,,,29,0.38666666666666666,0.94
v_BalanceBeam_g15_c02.avi,video_path_20260522_050046_149883_e900ed85,gauss_noised,,,19,0.25333333333333335,0.012
v_RopeClimbing_g20_c04.avi,video_path_20260522_050206_348079_8a9913eb,watermarking,38.48791403306866,0.930458981469767,7,0.046357615894039736,0.0
v_RopeClimbing_g20_c04.avi,video_path_20260522_050206_348079_8a9913eb,resized,,,24,0.15894039735099338,0.0
v_RopeClimbing_g20_c04.avi,video_path_20260522_050206_348079_8a9913eb,frame_dropped,,,37,0.24503311258278146,0.0
v_RopeClimbing_g20_c04.avi,video_path_20260522_050206_348079_8a9913eb,compressed,,,56,0.3708609271523179,0.999
v_RopeClimbing_g20_c04.avi,video_path_20260522_050206_348079_8a9913eb,gauss_noised,,,35,0.23178807947019867,0.0
v_Skijet_g01_c01.avi,video_path_20260522_050539_244291_a11399d3,watermarking,32.57227082566671,0.8232884348579571,0,0.0,0.0
v_Skijet_g01_c01.avi,video_path_20260522_050539_244291_a11399d3,resized,,,0,0.0,0.0
v_Skijet_g01_c01.avi,video_path_20260522_050539_244291_a11399d3,frame_dropped,,,56,0.1339712918660287,0.0
v_Skijet_g01_c01.avi,video_path_20260522_050539_244291_a11399d3,compressed,,,13,0.03110047846889952,0.0
v_Skijet_g01_c01.avi,video_path_20260522_050539_244291_a11399d3,gauss_noised,,,1,0.0023923444976076554,0.0
v_HighJump_g13_c02.avi,video_path_20260522_052420_563231_27bd3052,watermarking,30.244524080015218,0.7944161683320999,0,0.0,0.0
v_HighJump_g13_c02.avi,video_path_20260522_052420_563231_27bd3052,resized,,,0,0.0,0.0
v_HighJump_g13_c02.avi,video_path_20260522_052420_563231_27bd3052,frame_dropped,,,17,0.2125,0.0
v_HighJump_g13_c02.avi,video_path_20260522_052420_563231_27bd3052,compressed,,,1,0.0125,0.0
v_HighJump_g13_c02.avi,video_path_20260522_052420_563231_27bd3052,gauss_noised,,,0,0.0,0.0
v_Rafting_g06_c03.avi,video_path_20260522_052549_601288_feaea5db,watermarking,30.425842776009677,0.7251375786705162,1,0.0038022813688212928,0.0
v_Rafting_g06_c03.avi,video_path_20260522_052549_601288_feaea5db,resized,,,4,0.015209125475285171,0.0
v_Rafting_g06_c03.avi,video_path_20260522_052549_601288_feaea5db,frame_dropped,,,36,0.13688212927756654,0.0
v_Rafting_g06_c03.avi,video_path_20260522_052549_601288_feaea5db,compressed,,,16,0.060836501901140684,0.0
v_Rafting_g06_c03.avi,video_path_20260522_052549_601288_feaea5db,gauss_noised,,,3,0.011406844106463879,0.0
v_HorseRiding_g06_c07.avi,video_path_20260522_053416_092408_dfb705df,watermarking,32.426999643015634,0.8371029639685595,1,0.004629629629629629,0.0
v_HorseRiding_g06_c07.avi,video_path_20260522_053416_092408_dfb705df,resized,,,4,0.018518518518518517,0.0
v_HorseRiding_g06_c07.avi,video_path_20260522_053416_092408_dfb705df,frame_dropped,,,41,0.18981481481481483,0.0
v_HorseRiding_g06_c07.avi,video_path_20260522_053416_092408_dfb705df,compressed,,,8,0.037037037037037035,0.0
v_HorseRiding_g06_c07.avi,video_path_20260522_053416_092408_dfb705df,gauss_noised,,,1,0.004629629629629629,0.0
v_Lunges_g16_c02.avi,video_path_20260522_054024_733763_365858ab,watermarking,31.772232243450482,0.8358908972290696,1,0.004098360655737705,0.0
v_Lunges_g16_c02.avi,video_path_20260522_054024_733763_365858ab,resized,,,7,0.028688524590163935,0.0
v_Lunges_g16_c02.avi,video_path_20260522_054024_733763_365858ab,frame_dropped,,,30,0.12295081967213115,0.0
v_Lunges_g16_c02.avi,video_path_20260522_054024_733763_365858ab,compressed,,,30,0.12295081967213115,0.0
v_Lunges_g16_c02.avi,video_path_20260522_054024_733763_365858ab,gauss_noised,,,3,0.012295081967213115,0.0
v_TableTennisShot_g01_c03.avi,video_path_20260522_054752_257166_12c2d0ca,watermarking,32.15869239330206,0.836287006972328,0,0.0,0.0
v_TableTennisShot_g01_c03.avi,video_path_20260522_054752_257166_12c2d0ca,resized,,,1,0.007936507936507936,0.0
v_TableTennisShot_g01_c03.avi,video_path_20260522_054752_257166_12c2d0ca,frame_dropped,,,29,0.23015873015873015,0.001
v_TableTennisShot_g01_c03.avi,video_path_20260522_054752_257166_12c2d0ca,compressed,,,7,0.05555555555555555,0.0
v_TableTennisShot_g01_c03.avi,video_path_20260522_054752_257166_12c2d0ca,gauss_noised,,,0,0.0,0.0
v_PlayingDaf_g19_c05.avi,video_path_20260522_055035_656218_a0acea9a,watermarking,33.61034036666872,0.9122265713945843,0,0.0,0.0
v_PlayingDaf_g19_c05.avi,video_path_20260522_055035_656218_a0acea9a,resized,,,0,0.0,0.0
v_PlayingDaf_g19_c05.avi,video_path_20260522_055035_656218_a0acea9a,frame_dropped,,,39,0.11174785100286533,0.0
v_PlayingDaf_g19_c05.avi,video_path_20260522_055035_656218_a0acea9a,compressed,,,4,0.011461318051575931,0.0
v_PlayingDaf_g19_c05.avi,video_path_20260522_055035_656218_a0acea9a,gauss_noised,,,0,0.0,0.0
v_CricketShot_g24_c03.avi,video_path_20260522_060411_228070_aef6665c,watermarking,29.982075211519486,0.6070169463753701,4,0.05,0.0
v_CricketShot_g24_c03.avi,video_path_20260522_060411_228070_aef6665c,resized,,,17,0.2125,0.0
v_CricketShot_g24_c03.avi,video_path_20260522_060411_228070_aef6665c,frame_dropped,,,21,0.2625,0.055
v_CricketShot_g24_c03.avi,video_path_20260522_060411_228070_aef6665c,compressed,,,18,0.225,0.002
v_CricketShot_g24_c03.avi,video_path_20260522_060411_228070_aef6665c,gauss_noised,,,9,0.1125,0.0
v_BenchPress_g07_c04.avi,video_path_20260522_060538_477143_e747f919,watermarking,31.122997722832718,0.8280544690787792,0,0.0,0.0
v_BenchPress_g07_c04.avi,video_path_20260522_060538_477143_e747f919,resized,,,0,0.0,0.0
v_BenchPress_g07_c04.avi,video_path_20260522_060538_477143_e747f919,frame_dropped,,,45,0.16544117647058823,0.0
v_BenchPress_g07_c04.avi,video_path_20260522_060538_477143_e747f919,compressed,,,5,0.01838235294117647,0.0
v_BenchPress_g07_c04.avi,video_path_20260522_060538_477143_e747f919,gauss_noised,,,0,0.0,0.0
v_Surfing_g17_c05.avi,video_path_20260522_061433_206742_d6b17684,watermarking,34.987160598018335,0.8981557522413026,19,0.09844559585492228,0.0
v_Surfing_g17_c05.avi,video_path_20260522_061433_206742_d6b17684,resized,,,32,0.16580310880829016,0.0
v_Surfing_g17_c05.avi,video_path_20260522_061433_206742_d6b17684,frame_dropped,,,40,0.20725388601036268,0.0
v_Surfing_g17_c05.avi,video_path_20260522_061433_206742_d6b17684,compressed,,,66,0.34196891191709844,0.964
v_Surfing_g17_c05.avi,video_path_20260522_061433_206742_d6b17684,gauss_noised,,,54,0.27979274611398963,0.034
v_Bowling_g14_c03.avi,video_path_20260522_061942_533675_332ba559,watermarking,32.534423398437085,0.867633534032245,6,0.046511627906976744,0.0
v_Bowling_g14_c03.avi,video_path_20260522_061942_533675_332ba559,resized,,,10,0.07751937984496124,0.0
v_Bowling_g14_c03.avi,video_path_20260522_061942_533675_332ba559,frame_dropped,,,27,0.20930232558139536,0.0
v_Bowling_g14_c03.avi,video_path_20260522_061942_533675_332ba559,compressed,,,25,0.1937984496124031,0.0
v_Bowling_g14_c03.avi,video_path_20260522_061942_533675_332ba559,gauss_noised,,,13,0.10077519379844961,0.0
v_BodyWeightSquats_g12_c03.avi,video_path_20260522_062231_363028_ecd36f76,watermarking,30.504248862147897,0.7285412281751633,0,0.0,0.0
v_BodyWeightSquats_g12_c03.avi,video_path_20260522_062231_363028_ecd36f76,resized,,,0,0.0,0.0
v_BodyWeightSquats_g12_c03.avi,video_path_20260522_062231_363028_ecd36f76,frame_dropped,,,20,0.16666666666666666,0.0
v_BodyWeightSquats_g12_c03.avi,video_path_20260522_062231_363028_ecd36f76,compressed,,,4,0.03333333333333333,0.0
v_BodyWeightSquats_g12_c03.avi,video_path_20260522_062231_363028_ecd36f76,gauss_noised,,,0,0.0,0.0
v_CricketBowling_g20_c05.avi,video_path_20260522_062503_924910_388e4225,watermarking,32.74805746563629,0.8594811394594718,18,0.2608695652173913,0.046
v_CricketBowling_g20_c05.avi,video_path_20260522_062503_924910_388e4225,resized,,,24,0.34782608695652173,0.843
v_CricketBowling_g20_c05.avi,video_path_20260522_062503_924910_388e4225,frame_dropped,,,23,0.3333333333333333,0.722
v_CricketBowling_g20_c05.avi,video_path_20260522_062503_924910_388e4225,compressed,,,31,0.4492753623188406,1.0
v_CricketBowling_g20_c05.avi,video_path_20260522_062503_924910_388e4225,gauss_noised,,,27,0.391304347826087,0.993
v_CliffDiving_g24_c03.avi,video_path_20260522_062616_032242_a764bba9,watermarking,31.861722020924873,0.7994665314280798,2,0.031746031746031744,0.0
v_CliffDiving_g24_c03.avi,video_path_20260522_062616_032242_a764bba9,resized,,,3,0.047619047619047616,0.0
v_CliffDiving_g24_c03.avi,video_path_20260522_062616_032242_a764bba9,frame_dropped,,,11,0.1746031746031746,0.0
v_CliffDiving_g24_c03.avi,video_path_20260522_062616_032242_a764bba9,compressed,,,10,0.15873015873015872,0.0
v_CliffDiving_g24_c03.avi,video_path_20260522_062616_032242_a764bba9,gauss_noised,,,7,0.1111111111111111,0.0
v_JumpRope_g20_c05.avi,video_path_20260522_062720_179485_e075b998,watermarking,34.88603362975282,0.9438594334978399,5,0.01016260162601626,0.0
v_JumpRope_g20_c05.avi,video_path_20260522_062720_179485_e075b998,resized,,,15,0.03048780487804878,0.0
v_JumpRope_g20_c05.avi,video_path_20260522_062720_179485_e075b998,frame_dropped,,,71,0.1443089430894309,0.0
v_JumpRope_g20_c05.avi,video_path_20260522_062720_179485_e075b998,compressed,,,95,0.19308943089430894,0.0
v_JumpRope_g20_c05.avi,video_path_20260522_062720_179485_e075b998,gauss_noised,,,16,0.032520325203252036,0.0
v_HorseRace_g17_c03.avi,video_path_20260522_065218_825905_da6f1f02,watermarking,30.496873613760087,0.7614575089895137,0,0.0,0.0
v_HorseRace_g17_c03.avi,video_path_20260522_065218_825905_da6f1f02,resized,,,2,0.008968609865470852,0.0
v_HorseRace_g17_c03.avi,video_path_20260522_065218_825905_da6f1f02,frame_dropped,,,28,0.12556053811659193,0.0
v_HorseRace_g17_c03.avi,video_path_20260522_065218_825905_da6f1f02,compressed,,,19,0.08520179372197309,0.0
v_HorseRace_g17_c03.avi,video_path_20260522_065218_825905_da6f1f02,gauss_noised,,,1,0.004484304932735426,0.0
v_CricketBowling_g21_c03.avi,video_path_20260522_065848_359457_d32b5ce0,watermarking,31.775940850873933,0.8294788259494154,0,0.0,0.0
v_CricketBowling_g21_c03.avi,video_path_20260522_065848_359457_d32b5ce0,resized,,,0,0.0,0.0
v_CricketBowling_g21_c03.avi,video_path_20260522_065848_359457_d32b5ce0,frame_dropped,,,11,0.13924050632911392,0.0
v_CricketBowling_g21_c03.avi,video_path_20260522_065848_359457_d32b5ce0,compressed,,,3,0.0379746835443038,0.0
v_CricketBowling_g21_c03.avi,video_path_20260522_065848_359457_d32b5ce0,gauss_noised,,,1,0.012658227848101266,0.0
v_SoccerJuggling_g13_c05.avi,video_path_20260522_070014_408405_ffaf6b0c,watermarking,32.482356037590314,0.7537928447627381,88,0.2953020134228188,0.182
v_SoccerJuggling_g13_c05.avi,video_path_20260522_070014_408405_ffaf6b0c,resized,,,88,0.2953020134228188,0.182
v_SoccerJuggling_g13_c05.avi,video_path_20260522_070014_408405_ffaf6b0c,frame_dropped,,,91,0.3053691275167785,0.446
v_SoccerJuggling_g13_c05.avi,video_path_20260522_070014_408405_ffaf6b0c,compressed,,,115,0.3859060402684564,1.0
v_SoccerJuggling_g13_c05.avi,video_path_20260522_070014_408405_ffaf6b0c,gauss_noised,,,125,0.41946308724832215,1.0
v_SoccerPenalty_g24_c06.avi,video_path_20260522_071035_754398_a49909b0,watermarking,32.66470555713621,0.7975688424516232,6,0.06382978723404255,0.0
v_SoccerPenalty_g24_c06.avi,video_path_20260522_071035_754398_a49909b0,resized,,,11,0.11702127659574468,0.0
v_SoccerPenalty_g24_c06.avi,video_path_20260522_071035_754398_a49909b0,frame_dropped,,,22,0.23404255319148937,0.001
v_SoccerPenalty_g24_c06.avi,video_path_20260522_071035_754398_a49909b0,compressed,,,26,0.2765957446808511,0.116
v_SoccerPenalty_g24_c06.avi,video_path_20260522_071035_754398_a49909b0,gauss_noised,,,14,0.14893617021276595,0.0
v_Biking_g05_c07.avi,video_path_20260522_071224_206145_983d7209,watermarking,31.522805181000553,0.803476337591807,0,0.0,0.0
v_Biking_g05_c07.avi,video_path_20260522_071224_206145_983d7209,resized,,,3,0.016666666666666666,0.0
v_Biking_g05_c07.avi,video_path_20260522_071224_206145_983d7209,frame_dropped,,,33,0.18333333333333332,0.0
v_Biking_g05_c07.avi,video_path_20260522_071224_206145_983d7209,compressed,,,9,0.05,0.0
v_Biking_g05_c07.avi,video_path_20260522_071224_206145_983d7209,gauss_noised,,,2,0.011111111111111112,0.0
v_PushUps_g20_c01.avi,video_path_20260522_071702_618096_56394a56,watermarking,32.47398495026147,0.862652026592417,0,0.0,0.0
v_PushUps_g20_c01.avi,video_path_20260522_071702_618096_56394a56,resized,,,0,0.0,0.0
v_PushUps_g20_c01.avi,video_path_20260522_071702_618096_56394a56,frame_dropped,,,13,0.13829787234042554,0.0
v_PushUps_g20_c01.avi,video_path_20260522_071702_618096_56394a56,compressed,,,5,0.05319148936170213,0.0
v_PushUps_g20_c01.avi,video_path_20260522_071702_618096_56394a56,gauss_noised,,,0,0.0,0.0
v_ApplyEyeMakeup_g07_c01.avi,video_path_20260522_071851_407152_065eafea,watermarking,33.292349846563255,0.8676572362833386,0,0.0,0.0
v_ApplyEyeMakeup_g07_c01.avi,video_path_20260522_071851_407152_065eafea,resized,,,0,0.0,0.0
v_ApplyEyeMakeup_g07_c01.avi,video_path_20260522_071851_407152_065eafea,frame_dropped,,,15,0.0949367088607595,0.0
v_ApplyEyeMakeup_g07_c01.avi,video_path_20260522_071851_407152_065eafea,compressed,,,25,0.15822784810126583,0.0
v_ApplyEyeMakeup_g07_c01.avi,video_path_20260522_071851_407152_065eafea,gauss_noised,,,1,0.006329113924050633,0.0
v_BalanceBeam_g17_c06.avi,video_path_20260522_072239_202269_5bfd1f8f,watermarking,36.327911766444515,0.9438959815285423,6,0.05454545454545454,0.0
v_BalanceBeam_g17_c06.avi,video_path_20260522_072239_202269_5bfd1f8f,resized,,,11,0.1,0.0
v_BalanceBeam_g17_c06.avi,video_path_20260522_072239_202269_5bfd1f8f,frame_dropped,,,22,0.2,0.0
v_BalanceBeam_g17_c06.avi,video_path_20260522_072239_202269_5bfd1f8f,compressed,,,22,0.2,0.0
v_BalanceBeam_g17_c06.avi,video_path_20260522_072239_202269_5bfd1f8f,gauss_noised,,,10,0.09090909090909091,0.0
v_ShavingBeard_g23_c07.avi,video_path_20260522_072453_934217_bb26f99e,watermarking,34.620400710424526,0.9071572956939539,0,0.0,0.0
v_ShavingBeard_g23_c07.avi,video_path_20260522_072453_934217_bb26f99e,resized,,,1,0.006944444444444444,0.0
v_ShavingBeard_g23_c07.avi,video_path_20260522_072453_934217_bb26f99e,frame_dropped,,,12,0.08333333333333333,0.0
v_ShavingBeard_g23_c07.avi,video_path_20260522_072453_934217_bb26f99e,compressed,,,8,0.05555555555555555,0.0
v_ShavingBeard_g23_c07.avi,video_path_20260522_072453_934217_bb26f99e,gauss_noised,,,1,0.006944444444444444,0.0
v_Haircut_g06_c01.avi,video_path_20260522_072811_879466_7d7da8d9,watermarking,32.47063288529294,0.8579561814819414,0,0.0,0.0
v_Haircut_g06_c01.avi,video_path_20260522_072811_879466_7d7da8d9,resized,,,0,0.0,0.0
v_Haircut_g06_c01.avi,video_path_20260522_072811_879466_7d7da8d9,frame_dropped,,,14,0.14432989690721648,0.0
v_Haircut_g06_c01.avi,video_path_20260522_072811_879466_7d7da8d9,compressed,,,8,0.08247422680412371,0.0
v_Haircut_g06_c01.avi,video_path_20260522_072811_879466_7d7da8d9,gauss_noised,,,1,0.010309278350515464,0.0
v_SoccerPenalty_g18_c02.avi,video_path_20260522_073005_184683_c462d638,watermarking,33.97665527631052,0.8965411879182831,0,0.0,0.0
v_SoccerPenalty_g18_c02.avi,video_path_20260522_073005_184683_c462d638,resized,,,3,0.024390243902439025,0.0
v_SoccerPenalty_g18_c02.avi,video_path_20260522_073005_184683_c462d638,frame_dropped,,,15,0.12195121951219512,0.0
v_SoccerPenalty_g18_c02.avi,video_path_20260522_073005_184683_c462d638,compressed,,,2,0.016260162601626018,0.0
v_SoccerPenalty_g18_c02.avi,video_path_20260522_073005_184683_c462d638,gauss_noised,,,0,0.0,0.0
v_HorseRace_g03_c04.avi,video_path_20260522_073242_688598_c19996e0,watermarking,31.497644340193887,0.7853251079849849,0,0.0,0.0
v_HorseRace_g03_c04.avi,video_path_20260522_073242_688598_c19996e0,resized,,,0,0.0,0.0
v_HorseRace_g03_c04.avi,video_path_20260522_073242_688598_c19996e0,frame_dropped,,,22,0.1456953642384106,0.0
v_HorseRace_g03_c04.avi,video_path_20260522_073242_688598_c19996e0,compressed,,,0,0.0,0.0
v_HorseRace_g03_c04.avi,video_path_20260522_073242_688598_c19996e0,gauss_noised,,,0,0.0,0.0
v_CuttingInKitchen_g05_c06.avi,video_path_20260522_073616_134586_ccfe8abe,watermarking,32.718263145671436,0.8410144008643238,32,0.22695035460992907,0.001
v_CuttingInKitchen_g05_c06.avi,video_path_20260522_073616_134586_ccfe8abe,resized,,,53,0.375886524822695,1.0
v_CuttingInKitchen_g05_c06.avi,video_path_20260522_073616_134586_ccfe8abe,frame_dropped,,,55,0.3900709219858156,1.0
v_CuttingInKitchen_g05_c06.avi,video_path_20260522_073616_134586_ccfe8abe,compressed,,,63,0.44680851063829785,1.0
v_CuttingInKitchen_g05_c06.avi,video_path_20260522_073616_134586_ccfe8abe,gauss_noised,,,57,0.40425531914893614,1.0
v_SalsaSpin_g07_c02.avi,video_path_20260522_073928_113669_4075b5ca,watermarking,31.555313096824985,0.8181799739420771,0,0.0,0.0
v_SalsaSpin_g07_c02.avi,video_path_20260522_073928_113669_4075b5ca,resized,,,0,0.0,0.0
v_SalsaSpin_g07_c02.avi,video_path_20260522_073928_113669_4075b5ca,frame_dropped,,,35,0.20958083832335328,0.0
v_SalsaSpin_g07_c02.avi,video_path_20260522_073928_113669_4075b5ca,compressed,,,1,0.005988023952095809,0.0
v_SalsaSpin_g07_c02.avi,video_path_20260522_073928_113669_4075b5ca,gauss_noised,,,0,0.0,0.0
v_ThrowDiscus_g13_c02.avi,video_path_20260522_074336_482557_ae7ae262,watermarking,33.23204576965149,0.8889344639248318,0,0.0,0.0
v_ThrowDiscus_g13_c02.avi,video_path_20260522_074336_482557_ae7ae262,resized,,,2,0.014814814814814815,0.0
v_ThrowDiscus_g13_c02.avi,video_path_20260522_074336_482557_ae7ae262,frame_dropped,,,24,0.17777777777777778,0.0
v_ThrowDiscus_g13_c02.avi,video_path_20260522_074336_482557_ae7ae262,compressed,,,28,0.2074074074074074,0.0
v_ThrowDiscus_g13_c02.avi,video_path_20260522_074336_482557_ae7ae262,gauss_noised,,,9,0.06666666666666667,0.0
v_Basketball_g08_c04.avi,video_path_20260522_074637_079302_5667cfdc,watermarking,32.39919623556896,0.8449960516230894,0,0.0,0.0
v_Basketball_g08_c04.avi,video_path_20260522_074637_079302_5667cfdc,resized,,,7,0.06930693069306931,0.0
v_Basketball_g08_c04.avi,video_path_20260522_074637_079302_5667cfdc,frame_dropped,,,19,0.18811881188118812,0.0
v_Basketball_g08_c04.avi,video_path_20260522_074637_079302_5667cfdc,compressed,,,13,0.12871287128712872,0.0
v_Basketball_g08_c04.avi,video_path_20260522_074637_079302_5667cfdc,gauss_noised,,,5,0.04950495049504951,0.0
v_PlayingSitar_g21_c03.avi,video_path_20260522_074836_894731_168e6263,watermarking,35.07336323084078,0.9022017886362425,0,0.0,0.0
v_PlayingSitar_g21_c03.avi,video_path_20260522_074836_894731_168e6263,resized,,,0,0.0,0.0
v_PlayingSitar_g21_c03.avi,video_path_20260522_074836_894731_168e6263,frame_dropped,,,36,0.10975609756097561,0.0
v_PlayingSitar_g21_c03.avi,video_path_20260522_074836_894731_168e6263,compressed,,,24,0.07317073170731707,0.0
v_PlayingSitar_g21_c03.avi,video_path_20260522_074836_894731_168e6263,gauss_noised,,,0,0.0,0.0
v_FloorGymnastics_g11_c04.avi,video_path_20260522_080049_686535_e871f5db,watermarking,34.93474784807542,0.8934975786762342,1,0.0055248618784530384,0.0
v_FloorGymnastics_g11_c04.avi,video_path_20260522_080049_686535_e871f5db,resized,,,15,0.08287292817679558,0.0
v_FloorGymnastics_g11_c04.avi,video_path_20260522_080049_686535_e871f5db,frame_dropped,,,34,0.1878453038674033,0.0
v_FloorGymnastics_g11_c04.avi,video_path_20260522_080049_686535_e871f5db,compressed,,,53,0.292817679558011,0.086
v_FloorGymnastics_g11_c04.avi,video_path_20260522_080049_686535_e871f5db,gauss_noised,,,20,0.11049723756906077,0.0
v_ApplyLipstick_g21_c03.avi,video_path_20260522_080529_979775_77fd13cf,watermarking,34.51063469087751,0.9050914986983879,0,0.0,0.0
v_ApplyLipstick_g21_c03.avi,video_path_20260522_080529_979775_77fd13cf,resized,,,0,0.0,0.0
v_ApplyLipstick_g21_c03.avi,video_path_20260522_080529_979775_77fd13cf,frame_dropped,,,20,0.13986013986013987,0.0
v_ApplyLipstick_g21_c03.avi,video_path_20260522_080529_979775_77fd13cf,compressed,,,6,0.04195804195804196,0.0
v_ApplyLipstick_g21_c03.avi,video_path_20260522_080529_979775_77fd13cf,gauss_noised,,,0,0.0,0.0
v_Typing_g18_c02.avi,video_path_20260522_080846_368100_69477dbe,watermarking,32.985619676907525,0.8751555578630479,0,0.0,0.0
v_Typing_g18_c02.avi,video_path_20260522_080846_368100_69477dbe,resized,,,0,0.0,0.0
v_Typing_g18_c02.avi,video_path_20260522_080846_368100_69477dbe,frame_dropped,,,15,0.12295081967213115,0.0
v_Typing_g18_c02.avi,video_path_20260522_080846_368100_69477dbe,compressed,,,2,0.01639344262295082,0.0
v_Typing_g18_c02.avi,video_path_20260522_080846_368100_69477dbe,gauss_noised,,,0,0.0,0.0
v_Biking_g14_c04.avi,video_path_20260522_081122_981139_6fa43d13,watermarking,35.399963525267765,0.8891202010166873,0,0.0,0.0
v_Biking_g14_c04.avi,video_path_20260522_081122_981139_6fa43d13,resized,,,17,0.10828025477707007,0.0
v_Biking_g14_c04.avi,video_path_20260522_081122_981139_6fa43d13,frame_dropped,,,29,0.18471337579617833,0.0
v_Biking_g14_c04.avi,video_path_20260522_081122_981139_6fa43d13,compressed,,,31,0.19745222929936307,0.0
v_Biking_g14_c04.avi,video_path_20260522_081122_981139_6fa43d13,gauss_noised,,,34,0.21656050955414013,0.0
v_BalanceBeam_g18_c03.avi,video_path_20260522_081509_202170_73ef1d0d,watermarking,33.10929141996049,0.8595098872869713,7,0.03867403314917127,0.0
v_BalanceBeam_g18_c03.avi,video_path_20260522_081509_202170_73ef1d0d,resized,,,16,0.08839779005524862,0.0
v_BalanceBeam_g18_c03.avi,video_path_20260522_081509_202170_73ef1d0d,frame_dropped,,,44,0.2430939226519337,0.0
v_BalanceBeam_g18_c03.avi,video_path_20260522_081509_202170_73ef1d0d,compressed,,,48,0.26519337016574585,0.012
v_BalanceBeam_g18_c03.avi,video_path_20260522_081509_202170_73ef1d0d,gauss_noised,,,20,0.11049723756906077,0.0
v_TaiChi_g22_c04.avi,video_path_20260522_081949_019549_ccb13c00,watermarking,31.120466413214977,0.8090532749198204,0,0.0,0.0
v_TaiChi_g22_c04.avi,video_path_20260522_081949_019549_ccb13c00,resized,,,0,0.0,0.0
v_TaiChi_g22_c04.avi,video_path_20260522_081949_019549_ccb13c00,frame_dropped,,,40,0.18604651162790697,0.0
v_TaiChi_g22_c04.avi,video_path_20260522_081949_019549_ccb13c00,compressed,,,2,0.009302325581395349,0.0
v_TaiChi_g22_c04.avi,video_path_20260522_081949_019549_ccb13c00,gauss_noised,,,0,0.0,0.0
v_ApplyEyeMakeup_g15_c06.avi,video_path_20260522_082555_580019_96bae9f0,watermarking,35.045991399569516,0.9263873778018855,0,0.0,0.0
v_ApplyEyeMakeup_g15_c06.avi,video_path_20260522_082555_580019_96bae9f0,resized,,,7,0.03553299492385787,0.0
v_ApplyEyeMakeup_g15_c06.avi,video_path_20260522_082555_580019_96bae9f0,frame_dropped,,,31,0.15736040609137056,0.0
v_ApplyEyeMakeup_g15_c06.avi,video_path_20260522_082555_580019_96bae9f0,compressed,,,31,0.15736040609137056,0.0
v_ApplyEyeMakeup_g15_c06.avi,video_path_20260522_082555_580019_96bae9f0,gauss_noised,,,2,0.01015228426395939,0.0
v_RopeClimbing_g17_c04.avi,video_path_20260522_083114_121623_a10fddb3,watermarking,33.00815339957511,0.8778167898507462,0,0.0,0.0
v_RopeClimbing_g17_c04.avi,video_path_20260522_083114_121623_a10fddb3,resized,,,3,0.015463917525773196,0.0
v_RopeClimbing_g17_c04.avi,video_path_20260522_083114_121623_a10fddb3,frame_dropped,,,27,0.13917525773195877,0.0
v_RopeClimbing_g17_c04.avi,video_path_20260522_083114_121623_a10fddb3,compressed,,,12,0.061855670103092786,0.0
v_RopeClimbing_g17_c04.avi,video_path_20260522_083114_121623_a10fddb3,gauss_noised,,,5,0.02577319587628866,0.0
v_CricketShot_g20_c06.avi,video_path_20260522_083626_166375_99490a79,watermarking,31.102003622716683,0.7839086109332825,0,0.0,0.0
v_CricketShot_g20_c06.avi,video_path_20260522_083626_166375_99490a79,resized,,,0,0.0,0.0
v_CricketShot_g20_c06.avi,video_path_20260522_083626_166375_99490a79,frame_dropped,,,8,0.0898876404494382,0.0
v_CricketShot_g20_c06.avi,video_path_20260522_083626_166375_99490a79,compressed,,,0,0.0,0.0
v_CricketShot_g20_c06.avi,video_path_20260522_083626_166375_99490a79,gauss_noised,,,0,0.0,0.0
v_HulaHoop_g20_c01.avi,video_path_20260522_083807_065343_43bd9fc8,watermarking,35.20255778680523,0.9052459143175937,0,0.0,0.0
v_HulaHoop_g20_c01.avi,video_path_20260522_083807_065343_43bd9fc8,resized,,,2,0.019801980198019802,0.0
v_HulaHoop_g20_c01.avi,video_path_20260522_083807_065343_43bd9fc8,frame_dropped,,,18,0.1782178217821782,0.0
v_HulaHoop_g20_c01.avi,video_path_20260522_083807_065343_43bd9fc8,compressed,,,12,0.1188118811881188,0.0
v_HulaHoop_g20_c01.avi,video_path_20260522_083807_065343_43bd9fc8,gauss_noised,,,5,0.04950495049504951,0.0
v_CricketBowling_g11_c02.avi,video_path_20260522_084006_501921_69fec992,watermarking,34.38324490255031,0.8498585191401806,2,0.02197802197802198,0.0
v_CricketBowling_g11_c02.avi,video_path_20260522_084006_501921_69fec992,resized,,,8,0.08791208791208792,0.0
v_CricketBowling_g11_c02.avi,video_path_20260522_084006_501921_69fec992,frame_dropped,,,19,0.2087912087912088,0.0
v_CricketBowling_g11_c02.avi,video_path_20260522_084006_501921_69fec992,compressed,,,27,0.2967032967032967,0.141
v_CricketBowling_g11_c02.avi,video_path_20260522_084006_501921_69fec992,gauss_noised,,,28,0.3076923076923077,0.24
v_PlayingDhol_g18_c06.avi,video_path_20260522_084150_149631_459707b0,watermarking,31.458559861114033,0.8119018995954145,0,0.0,0.0
v_PlayingDhol_g18_c06.avi,video_path_20260522_084150_149631_459707b0,resized,,,0,0.0,0.0
v_PlayingDhol_g18_c06.avi,video_path_20260522_084150_149631_459707b0,frame_dropped,,,14,0.11290322580645161,0.0
v_PlayingDhol_g18_c06.avi,video_path_20260522_084150_149631_459707b0,compressed,,,2,0.016129032258064516,0.0
v_PlayingDhol_g18_c06.avi,video_path_20260522_084150_149631_459707b0,gauss_noised,,,0,0.0,0.0
v_Skiing_g02_c02.avi,video_path_20260522_084430_229496_bedf9159,watermarking,33.27181458295001,0.8770214932979924,2,0.009900990099009901,0.0
v_Skiing_g02_c02.avi,video_path_20260522_084430_229496_bedf9159,resized,,,23,0.11386138613861387,0.0
v_Skiing_g02_c02.avi,video_path_20260522_084430_229496_bedf9159,frame_dropped,,,37,0.18316831683168316,0.0
v_Skiing_g02_c02.avi,video_path_20260522_084430_229496_bedf9159,compressed,,,61,0.30198019801980197,0.477
v_Skiing_g02_c02.avi,video_path_20260522_084430_229496_bedf9159,gauss_noised,,,19,0.09405940594059406,0.0
v_BasketballDunk_g05_c02.avi,video_path_20260522_085001_872248_5cdf2c9e,watermarking,30.670234276564123,0.735143581032753,3,0.0375,0.0
v_BasketballDunk_g05_c02.avi,video_path_20260522_085001_872248_5cdf2c9e,resized,,,6,0.075,0.0
v_BasketballDunk_g05_c02.avi,video_path_20260522_085001_872248_5cdf2c9e,frame_dropped,,,19,0.2375,0.005
v_BasketballDunk_g05_c02.avi,video_path_20260522_085001_872248_5cdf2c9e,compressed,,,22,0.275,0.064
v_BasketballDunk_g05_c02.avi,video_path_20260522_085001_872248_5cdf2c9e,gauss_noised,,,7,0.0875,0.0
v_FrontCrawl_g06_c02.avi,video_path_20260522_085129_403915_5fbb44fb,watermarking,33.06499770297774,0.8388678221790878,1,0.009259259259259259,0.0
v_FrontCrawl_g06_c02.avi,video_path_20260522_085129_403915_5fbb44fb,resized,,,11,0.10185185185185185,0.0
v_FrontCrawl_g06_c02.avi,video_path_20260522_085129_403915_5fbb44fb,frame_dropped,,,18,0.16666666666666666,0.0
v_FrontCrawl_g06_c02.avi,video_path_20260522_085129_403915_5fbb44fb,compressed,,,29,0.26851851851851855,0.012
v_FrontCrawl_g06_c02.avi,video_path_20260522_085129_403915_5fbb44fb,gauss_noised,,,22,0.2037037037037037,0.0
v_Kayaking_g11_c02.avi,video_path_20260522_085341_140725_e8983ed0,watermarking,31.79671222375346,0.8155383482764039,0,0.0,0.0
v_Kayaking_g11_c02.avi,video_path_20260522_085341_140725_e8983ed0,resized,,,2,0.012658227848101266,0.0
v_Kayaking_g11_c02.avi,video_path_20260522_085341_140725_e8983ed0,frame_dropped,,,15,0.0949367088607595,0.0
v_Kayaking_g11_c02.avi,video_path_20260522_085341_140725_e8983ed0,compressed,,,13,0.08227848101265822,0.0
v_Kayaking_g11_c02.avi,video_path_20260522_085341_140725_e8983ed0,gauss_noised,,,3,0.0189873417721519,0.0
v_Mixing_g20_c01.avi,video_path_20260522_085729_562352_90de1d70,watermarking,31.599658074154284,0.8151443862078482,0,0.0,0.0
v_Mixing_g20_c01.avi,video_path_20260522_085729_562352_90de1d70,resized,,,0,0.0,0.0
v_Mixing_g20_c01.avi,video_path_20260522_085729_562352_90de1d70,frame_dropped,,,15,0.13157894736842105,0.0
v_Mixing_g20_c01.avi,video_path_20260522_085729_562352_90de1d70,compressed,,,10,0.08771929824561403,0.0
v_Mixing_g20_c01.avi,video_path_20260522_085729_562352_90de1d70,gauss_noised,,,0,0.0,0.0
v_Skijet_g09_c03.avi,video_path_20260522_085951_701461_1e44fdc5,watermarking,31.723072037917373,0.7989181668166346,0,0.0,0.0
v_Skijet_g09_c03.avi,video_path_20260522_085951_701461_1e44fdc5,resized,,,1,0.006711409395973154,0.0
v_Skijet_g09_c03.avi,video_path_20260522_085951_701461_1e44fdc5,frame_dropped,,,13,0.087248322147651,0.0
v_Skijet_g09_c03.avi,video_path_20260522_085951_701461_1e44fdc5,compressed,,,11,0.0738255033557047,0.0
v_Skijet_g09_c03.avi,video_path_20260522_085951_701461_1e44fdc5,gauss_noised,,,1,0.006711409395973154,0.0
v_Shotput_g06_c01.avi,video_path_20260522_090320_947168_a3238735,watermarking,32.05402269064275,0.8149006136573187,16,0.15841584158415842,0.0
v_Shotput_g06_c01.avi,video_path_20260522_090320_947168_a3238735,resized,,,22,0.21782178217821782,0.0
v_Shotput_g06_c01.avi,video_path_20260522_090320_947168_a3238735,frame_dropped,,,35,0.3465346534653465,0.95
v_Shotput_g06_c01.avi,video_path_20260522_090320_947168_a3238735,compressed,,,33,0.32673267326732675,0.77
v_Shotput_g06_c01.avi,video_path_20260522_090320_947168_a3238735,gauss_noised,,,27,0.26732673267326734,0.05
v_RockClimbingIndoor_g24_c07.avi,video_path_20260522_090521_152106_3bd07cd1,watermarking,35.57637320630799,0.9102991089973276,6,0.0136986301369863,0.0
v_RockClimbingIndoor_g24_c07.avi,video_path_20260522_090521_152106_3bd07cd1,resized,,,31,0.07077625570776255,0.0
v_RockClimbingIndoor_g24_c07.avi,video_path_20260522_090521_152106_3bd07cd1,frame_dropped,,,77,0.17579908675799086,0.0
v_RockClimbingIndoor_g24_c07.avi,video_path_20260522_090521_152106_3bd07cd1,compressed,,,89,0.20319634703196346,0.0
v_RockClimbingIndoor_g24_c07.avi,video_path_20260522_090521_152106_3bd07cd1,gauss_noised,,,81,0.18493150684931506,0.0
v_PlayingViolin_g09_c01.avi,video_path_20260522_092537_677747_be3393ea,watermarking,33.145503858127235,0.8723886731792899,38,0.2235294117647059,0.0
v_PlayingViolin_g09_c01.avi,video_path_20260522_092537_677747_be3393ea,resized,,,72,0.4235294117647059,1.0
v_PlayingViolin_g09_c01.avi,video_path_20260522_092537_677747_be3393ea,frame_dropped,,,63,0.37058823529411766,0.99
v_PlayingViolin_g09_c01.avi,video_path_20260522_092537_677747_be3393ea,compressed,,,79,0.4647058823529412,1.0
v_PlayingViolin_g09_c01.avi,video_path_20260522_092537_677747_be3393ea,gauss_noised,,,64,0.3764705882352941,0.996
v_HammerThrow_g22_c05.avi,video_path_20260522_092952_870768_60799c23,watermarking,31.680812737036412,0.8503373047309135,0,0.0,0.0
v_HammerThrow_g22_c05.avi,video_path_20260522_092952_870768_60799c23,resized,,,1,0.007462686567164179,0.0
v_HammerThrow_g22_c05.avi,video_path_20260522_092952_870768_60799c23,frame_dropped,,,15,0.11194029850746269,0.0
v_HammerThrow_g22_c05.avi,video_path_20260522_092952_870768_60799c23,compressed,,,4,0.029850746268656716,0.0
v_HammerThrow_g22_c05.avi,video_path_20260522_092952_870768_60799c23,gauss_noised,,,1,0.007462686567164179,0.0
v_PlayingDhol_g16_c05.avi,video_path_20260522_093251_892283_30701655,watermarking,31.40751927027819,0.8646759592392594,0,0.0,0.0
v_PlayingDhol_g16_c05.avi,video_path_20260522_093251_892283_30701655,resized,,,0,0.0,0.0
v_PlayingDhol_g16_c05.avi,video_path_20260522_093251_892283_30701655,frame_dropped,,,25,0.12077294685990338,0.0
v_PlayingDhol_g16_c05.avi,video_path_20260522_093251_892283_30701655,compressed,,,3,0.014492753623188406,0.0
v_PlayingDhol_g16_c05.avi,video_path_20260522_093251_892283_30701655,gauss_noised,,,0,0.0,0.0
v_Punch_g06_c02.avi,video_path_20260522_093837_277482_b6c048bf,watermarking,30.47961976535398,0.8034142543872197,0,0.0,0.0
v_Punch_g06_c02.avi,video_path_20260522_093837_277482_b6c048bf,resized,,,1,0.0033333333333333335,0.0
v_Punch_g06_c02.avi,video_path_20260522_093837_277482_b6c048bf,frame_dropped,,,63,0.21,0.0
v_Punch_g06_c02.avi,video_path_20260522_093837_277482_b6c048bf,compressed,,,21,0.07,0.0
v_Punch_g06_c02.avi,video_path_20260522_093837_277482_b6c048bf,gauss_noised,,,3,0.01,0.0
v_RopeClimbing_g17_c02.avi,video_path_20260522_094908_530562_410856b8,watermarking,33.10653451668274,0.8812077954008772,0,0.0,0.0
v_RopeClimbing_g17_c02.avi,video_path_20260522_094908_530562_410856b8,resized,,,2,0.010810810810810811,0.0
v_RopeClimbing_g17_c02.avi,video_path_20260522_094908_530562_410856b8,frame_dropped,,,34,0.1837837837837838,0.0
v_RopeClimbing_g17_c02.avi,video_path_20260522_094908_530562_410856b8,compressed,,,17,0.0918918918918919,0.0
v_RopeClimbing_g17_c02.avi,video_path_20260522_094908_530562_410856b8,gauss_noised,,,1,0.005405405405405406,0.0
v_Punch_g15_c04.avi,video_path_20260522_095358_922717_71f40635,watermarking,34.46489126676692,0.8791600821415583,5,0.016666666666666666,0.0
v_Punch_g15_c04.avi,video_path_20260522_095358_922717_71f40635,resized,,,11,0.03666666666666667,0.0
v_Punch_g15_c04.avi,video_path_20260522_095358_922717_71f40635,frame_dropped,,,58,0.19333333333333333,0.0
v_Punch_g15_c04.avi,video_path_20260522_095358_922717_71f40635,compressed,,,58,0.19333333333333333,0.0
v_Punch_g15_c04.avi,video_path_20260522_095358_922717_71f40635,gauss_noised,,,25,0.08333333333333333,0.0
v_PlayingTabla_g13_c01.avi,video_path_20260522_100428_635139_086917dd,watermarking,30.26014744836246,0.8226884044982768,0,0.0,0.0
v_PlayingTabla_g13_c01.avi,video_path_20260522_100428_635139_086917dd,resized,,,0,0.0,0.0
v_PlayingTabla_g13_c01.avi,video_path_20260522_100428_635139_086917dd,frame_dropped,,,46,0.17037037037037037,0.0
v_PlayingTabla_g13_c01.avi,video_path_20260522_100428_635139_086917dd,compressed,,,0,0.0,0.0
v_PlayingTabla_g13_c01.avi,video_path_20260522_100428_635139_086917dd,gauss_noised,,,0,0.0,0.0
v_PlayingViolin_g03_c01.avi,video_path_20260522_101315_715703_934089a9,watermarking,33.352517245478694,0.8490207653019309,0,0.0,0.0
v_PlayingViolin_g03_c01.avi,video_path_20260522_101315_715703_934089a9,resized,,,0,0.0,0.0
v_PlayingViolin_g03_c01.avi,video_path_20260522_101315_715703_934089a9,frame_dropped,,,28,0.15469613259668508,0.0
v_PlayingViolin_g03_c01.avi,video_path_20260522_101315_715703_934089a9,compressed,,,0,0.0,0.0
v_PlayingViolin_g03_c01.avi,video_path_20260522_101315_715703_934089a9,gauss_noised,,,0,0.0,0.0
v_BrushingTeeth_g08_c01.avi,video_path_20260522_101756_109729_198e6242,watermarking,32.134465498836136,0.8633681214257573,0,0.0,0.0
v_BrushingTeeth_g08_c01.avi,video_path_20260522_101756_109729_198e6242,resized,,,1,0.0056179775280898875,0.0
v_BrushingTeeth_g08_c01.avi,video_path_20260522_101756_109729_198e6242,frame_dropped,,,19,0.10674157303370786,0.0
v_BrushingTeeth_g08_c01.avi,video_path_20260522_101756_109729_198e6242,compressed,,,2,0.011235955056179775,0.0
v_BrushingTeeth_g08_c01.avi,video_path_20260522_101756_109729_198e6242,gauss_noised,,,0,0.0,0.0
v_BlowingCandles_g07_c03.avi,video_path_20260522_102228_755012_c1b82264,watermarking,30.10461041293886,0.7917867126464844,0,0.0,0.0
v_BlowingCandles_g07_c03.avi,video_path_20260522_102228_755012_c1b82264,resized,,,0,0.0,0.0
v_BlowingCandles_g07_c03.avi,video_path_20260522_102228_755012_c1b82264,frame_dropped,,,25,0.2,0.0
v_BlowingCandles_g07_c03.avi,video_path_20260522_102228_755012_c1b82264,compressed,,,6,0.048,0.0
v_BlowingCandles_g07_c03.avi,video_path_20260522_102228_755012_c1b82264,gauss_noised,,,0,0.0,0.0
v_Drumming_g24_c01.avi,video_path_20260522_102511_000854_a35249cc,watermarking,31.334066579960467,0.8195671524604161,0,0.0,0.0
v_Drumming_g24_c01.avi,video_path_20260522_102511_000854_a35249cc,resized,,,0,0.0,0.0
v_Drumming_g24_c01.avi,video_path_20260522_102511_000854_a35249cc,frame_dropped,,,55,0.18333333333333332,0.0
v_Drumming_g24_c01.avi,video_path_20260522_102511_000854_a35249cc,compressed,,,15,0.05,0.0
v_Drumming_g24_c01.avi,video_path_20260522_102511_000854_a35249cc,gauss_noised,,,0,0.0,0.0
v_BaseballPitch_g12_c04.avi,video_path_20260522_103541_519029_d1af7dff,watermarking,30.86374744395228,0.8171273370583853,0,0.0,0.0
v_BaseballPitch_g12_c04.avi,video_path_20260522_103541_519029_d1af7dff,resized,,,0,0.0,0.0
v_BaseballPitch_g12_c04.avi,video_path_20260522_103541_519029_d1af7dff,frame_dropped,,,11,0.18333333333333332,0.0
v_BaseballPitch_g12_c04.avi,video_path_20260522_103541_519029_d1af7dff,compressed,,,1,0.016666666666666666,0.0
v_BaseballPitch_g12_c04.avi,video_path_20260522_103541_519029_d1af7dff,gauss_noised,,,0,0.0,0.0
v_BrushingTeeth_g07_c02.avi,video_path_20260522_103642_010130_dd1baf9f,watermarking,35.52078294190235,0.9202304896308866,7,0.03056768558951965,0.0
v_BrushingTeeth_g07_c02.avi,video_path_20260522_103642_010130_dd1baf9f,resized,,,28,0.1222707423580786,0.0
v_BrushingTeeth_g07_c02.avi,video_path_20260522_103642_010130_dd1baf9f,frame_dropped,,,38,0.16593886462882096,0.0
v_BrushingTeeth_g07_c02.avi,video_path_20260522_103642_010130_dd1baf9f,compressed,,,49,0.21397379912663755,0.0
v_BrushingTeeth_g07_c02.avi,video_path_20260522_103642_010130_dd1baf9f,gauss_noised,,,37,0.1615720524017467,0.0
v_JugglingBalls_g18_c03.avi,video_path_20260522_104325_993262_d6e246e3,watermarking,34.301863772362644,0.8899205801438312,70,0.2857142857142857,0.14
v_JugglingBalls_g18_c03.avi,video_path_20260522_104325_993262_d6e246e3,resized,,,69,0.2816326530612245,0.091
v_JugglingBalls_g18_c03.avi,video_path_20260522_104325_993262_d6e246e3,frame_dropped,,,78,0.3183673469387755,0.864
v_JugglingBalls_g18_c03.avi,video_path_20260522_104325_993262_d6e246e3,compressed,,,78,0.3183673469387755,0.864
v_JugglingBalls_g18_c03.avi,video_path_20260522_104325_993262_d6e246e3,gauss_noised,,,68,0.27755102040816326,0.052
v_Billiards_g02_c01.avi,video_path_20260522_105059_765169_b3a22981,watermarking,29.91518052985512,0.6999179657016482,0,0.0,0.0
v_Billiards_g02_c01.avi,video_path_20260522_105059_765169_b3a22981,resized,,,2,0.005952380952380952,0.0
v_Billiards_g02_c01.avi,video_path_20260522_105059_765169_b3a22981,frame_dropped,,,55,0.1636904761904762,0.0
v_Billiards_g02_c01.avi,video_path_20260522_105059_765169_b3a22981,compressed,,,23,0.06845238095238096,0.0
v_Billiards_g02_c01.avi,video_path_20260522_105059_765169_b3a22981,gauss_noised,,,2,0.005952380952380952,0.0
v_ApplyEyeMakeup_g11_c05.avi,video_path_20260522_110401_025133_5ecd8c57,watermarking,35.78716204773913,0.9365998254881964,2,0.011111111111111112,0.0
v_ApplyEyeMakeup_g11_c05.avi,video_path_20260522_110401_025133_5ecd8c57,resized,,,10,0.05555555555555555,0.0
v_ApplyEyeMakeup_g11_c05.avi,video_path_20260522_110401_025133_5ecd8c57,frame_dropped,,,27,0.15,0.0
v_ApplyEyeMakeup_g11_c05.avi,video_path_20260522_110401_025133_5ecd8c57,compressed,,,32,0.17777777777777778,0.0
v_ApplyEyeMakeup_g11_c05.avi,video_path_20260522_110401_025133_5ecd8c57,gauss_noised,,,12,0.06666666666666667,0.0
v_SalsaSpin_g17_c01.avi,video_path_20260522_110838_675852_0e076978,watermarking,33.78580606225351,0.8919305396931512,0,0.0,0.0
v_SalsaSpin_g17_c01.avi,video_path_20260522_110838_675852_0e076978,resized,,,0,0.0,0.0
v_SalsaSpin_g17_c01.avi,video_path_20260522_110838_675852_0e076978,frame_dropped,,,18,0.10714285714285714,0.0
v_SalsaSpin_g17_c01.avi,video_path_20260522_110838_675852_0e076978,compressed,,,8,0.047619047619047616,0.0
v_SalsaSpin_g17_c01.avi,video_path_20260522_110838_675852_0e076978,gauss_noised,,,0,0.0,0.0
v_CliffDiving_g12_c03.avi,video_path_20260522_111248_605880_42ab0b5f,watermarking,33.63714155038989,0.8555772503217062,2,0.024691358024691357,0.0
v_CliffDiving_g12_c03.avi,video_path_20260522_111248_605880_42ab0b5f,resized,,,5,0.06172839506172839,0.0
v_CliffDiving_g12_c03.avi,video_path_20260522_111248_605880_42ab0b5f,frame_dropped,,,19,0.2345679012345679,0.003
v_CliffDiving_g12_c03.avi,video_path_20260522_111248_605880_42ab0b5f,compressed,,,9,0.1111111111111111,0.0
v_CliffDiving_g12_c03.avi,video_path_20260522_111248_605880_42ab0b5f,gauss_noised,,,7,0.08641975308641975,0.0
v_WritingOnBoard_g05_c01.avi,video_path_20260522_111418_344622_fabf59d2,watermarking,35.06250158986969,0.9146694832377964,4,0.022222222222222223,0.0
v_WritingOnBoard_g05_c01.avi,video_path_20260522_111418_344622_fabf59d2,resized,,,11,0.06111111111111111,0.0
v_WritingOnBoard_g05_c01.avi,video_path_20260522_111418_344622_fabf59d2,frame_dropped,,,42,0.23333333333333334,0.0
v_WritingOnBoard_g05_c01.avi,video_path_20260522_111418_344622_fabf59d2,compressed,,,51,0.2833333333333333,0.066
v_WritingOnBoard_g05_c01.avi,video_path_20260522_111418_344622_fabf59d2,gauss_noised,,,20,0.1111111111111111,0.0
v_Drumming_g09_c02.avi,video_path_20260522_111900_424864_d04b9a20,watermarking,31.774882290381033,0.8177926013867061,0,0.0,0.0
v_Drumming_g09_c02.avi,video_path_20260522_111900_424864_d04b9a20,resized,,,5,0.020833333333333332,0.0
v_Drumming_g09_c02.avi,video_path_20260522_111900_424864_d04b9a20,frame_dropped,,,45,0.1875,0.0
v_Drumming_g09_c02.avi,video_path_20260522_111900_424864_d04b9a20,compressed,,,15,0.0625,0.0
v_Drumming_g09_c02.avi,video_path_20260522_111900_424864_d04b9a20,gauss_noised,,,2,0.008333333333333333,0.0
v_ApplyEyeMakeup_g23_c01.avi,video_path_20260522_112619_021813_eefeaedc,watermarking,33.00351898427538,0.8800996550807246,14,0.1037037037037037,0.0
v_ApplyEyeMakeup_g23_c01.avi,video_path_20260522_112619_021813_eefeaedc,resized,,,28,0.2074074074074074,0.0
v_ApplyEyeMakeup_g23_c01.avi,video_path_20260522_112619_021813_eefeaedc,frame_dropped,,,41,0.3037037037037037,0.334
v_ApplyEyeMakeup_g23_c01.avi,video_path_20260522_112619_021813_eefeaedc,compressed,,,41,0.3037037037037037,0.334
v_ApplyEyeMakeup_g23_c01.avi,video_path_20260522_112619_021813_eefeaedc,gauss_noised,,,28,0.2074074074074074,0.0
v_BreastStroke_g22_c02.avi,video_path_20260522_112921_430933_f930986b,watermarking,36.38806621588541,0.9185897505972996,33,0.13636363636363635,0.0
v_BreastStroke_g22_c02.avi,video_path_20260522_112921_430933_f930986b,resized,,,94,0.3884297520661157,1.0
v_BreastStroke_g22_c02.avi,video_path_20260522_112921_430933_f930986b,frame_dropped,,,80,0.3305785123966942,0.962
v_BreastStroke_g22_c02.avi,video_path_20260522_112921_430933_f930986b,compressed,,,98,0.4049586776859504,1.0
v_BreastStroke_g22_c02.avi,video_path_20260522_112921_430933_f930986b,gauss_noised,,,105,0.43388429752066116,1.0
v_WritingOnBoard_g02_c01.avi,video_path_20260522_113647_132530_6de1010d,watermarking,31.802172187723702,0.8353280402272125,0,0.0,0.0
v_WritingOnBoard_g02_c01.avi,video_path_20260522_113647_132530_6de1010d,resized,,,0,0.0,0.0
v_WritingOnBoard_g02_c01.avi,video_path_20260522_113647_132530_6de1010d,frame_dropped,,,23,0.12568306010928962,0.0
v_WritingOnBoard_g02_c01.avi,video_path_20260522_113647_132530_6de1010d,compressed,,,0,0.0,0.0
v_WritingOnBoard_g02_c01.avi,video_path_20260522_113647_132530_6de1010d,gauss_noised,,,0,0.0,0.0
v_LongJump_g05_c04.avi,video_path_20260522_114133_699305_f01b127d,watermarking,31.211479933008494,0.7982986944191384,9,0.06818181818181818,0.0
v_LongJump_g05_c04.avi,video_path_20260522_114133_699305_f01b127d,resized,,,19,0.14393939393939395,0.0
v_LongJump_g05_c04.avi,video_path_20260522_114133_699305_f01b127d,frame_dropped,,,30,0.22727272727272727,0.0
v_LongJump_g05_c04.avi,video_path_20260522_114133_699305_f01b127d,compressed,,,40,0.30303030303030304,0.324
v_LongJump_g05_c04.avi,video_path_20260522_114133_699305_f01b127d,gauss_noised,,,23,0.17424242424242425,0.0
v_BaseballPitch_g23_c03.avi,video_path_20260522_114430_013167_b9606100,watermarking,31.158274166481025,0.7751392477597946,0,0.0,0.0
v_BaseballPitch_g23_c03.avi,video_path_20260522_114430_013167_b9606100,resized,,,0,0.0,0.0
v_BaseballPitch_g23_c03.avi,video_path_20260522_114430_013167_b9606100,frame_dropped,,,10,0.1282051282051282,0.0
v_BaseballPitch_g23_c03.avi,video_path_20260522_114430_013167_b9606100,compressed,,,9,0.11538461538461539,0.0
v_BaseballPitch_g23_c03.avi,video_path_20260522_114430_013167_b9606100,gauss_noised,,,1,0.01282051282051282,0.0
v_Swing_g11_c06.avi,video_path_20260522_114554_953053_a4234dda,watermarking,31.899088490613494,0.8282771115284042,0,0.0,0.0
v_Swing_g11_c06.avi,video_path_20260522_114554_953053_a4234dda,resized,,,1,0.00398406374501992,0.0
v_Swing_g11_c06.avi,video_path_20260522_114554_953053_a4234dda,frame_dropped,,,50,0.199203187250996,0.0
v_Swing_g11_c06.avi,video_path_20260522_114554_953053_a4234dda,compressed,,,8,0.03187250996015936,0.0
v_Swing_g11_c06.avi,video_path_20260522_114554_953053_a4234dda,gauss_noised,,,3,0.01195219123505976,0.0
v_BoxingSpeedBag_g14_c04.avi,video_path_20260522_115347_179887_e215c270,watermarking,33.87614091235311,0.8875314590700886,5,0.021929824561403508,0.0
v_BoxingSpeedBag_g14_c04.avi,video_path_20260522_115347_179887_e215c270,resized,,,11,0.04824561403508772,0.0
v_BoxingSpeedBag_g14_c04.avi,video_path_20260522_115347_179887_e215c270,frame_dropped,,,36,0.15789473684210525,0.0
v_BoxingSpeedBag_g14_c04.avi,video_path_20260522_115347_179887_e215c270,compressed,,,33,0.14473684210526316,0.0
v_BoxingSpeedBag_g14_c04.avi,video_path_20260522_115347_179887_e215c270,gauss_noised,,,12,0.05263157894736842,0.0
v_MilitaryParade_g15_c01.avi,video_path_20260522_120033_707635_9ad92b02,watermarking,30.31835945697063,0.7713620331552293,0,0.0,0.0
v_MilitaryParade_g15_c01.avi,video_path_20260522_120033_707635_9ad92b02,resized,,,0,0.0,0.0
v_MilitaryParade_g15_c01.avi,video_path_20260522_120033_707635_9ad92b02,frame_dropped,,,12,0.08333333333333333,0.0
v_MilitaryParade_g15_c01.avi,video_path_20260522_120033_707635_9ad92b02,compressed,,,5,0.034722222222222224,0.0
v_MilitaryParade_g15_c01.avi,video_path_20260522_120033_707635_9ad92b02,gauss_noised,,,0,0.0,0.0
v_PullUps_g18_c02.avi,video_path_20260522_120354_594338_ffb35642,watermarking,35.20934511005305,0.8893426780293627,16,0.0975609756097561,0.0
v_PullUps_g18_c02.avi,video_path_20260522_120354_594338_ffb35642,resized,,,42,0.25609756097560976,0.001
v_PullUps_g18_c02.avi,video_path_20260522_120354_594338_ffb35642,frame_dropped,,,48,0.2926829268292683,0.148
v_PullUps_g18_c02.avi,video_path_20260522_120354_594338_ffb35642,compressed,,,71,0.4329268292682927,1.0
v_PullUps_g18_c02.avi,video_path_20260522_120354_594338_ffb35642,gauss_noised,,,77,0.4695121951219512,1.0
v_PlayingDaf_g06_c05.avi,video_path_20260522_120757_912565_6b61f895,watermarking,35.15949568731985,0.9070211433096977,5,0.016611295681063124,0.0
v_PlayingDaf_g06_c05.avi,video_path_20260522_120757_912565_6b61f895,resized,,,28,0.09302325581395349,0.0
v_PlayingDaf_g06_c05.avi,video_path_20260522_120757_912565_6b61f895,frame_dropped,,,62,0.2059800664451827,0.0
v_PlayingDaf_g06_c05.avi,video_path_20260522_120757_912565_6b61f895,compressed,,,75,0.24916943521594684,0.0
v_PlayingDaf_g06_c05.avi,video_path_20260522_120757_912565_6b61f895,gauss_noised,,,65,0.2159468438538206,0.0
v_TrampolineJumping_g21_c03.avi,video_path_20260522_121839_460075_6ef1a7f3,watermarking,30.19388614369793,0.7359425686485138,0,0.0,0.0
v_TrampolineJumping_g21_c03.avi,video_path_20260522_121839_460075_6ef1a7f3,resized,,,0,0.0,0.0
v_TrampolineJumping_g21_c03.avi,video_path_20260522_121839_460075_6ef1a7f3,frame_dropped,,,33,0.16417910447761194,0.0
v_TrampolineJumping_g21_c03.avi,video_path_20260522_121839_460075_6ef1a7f3,compressed,,,1,0.004975124378109453,0.0
v_TrampolineJumping_g21_c03.avi,video_path_20260522_121839_460075_6ef1a7f3,gauss_noised,,,0,0.0,0.0
v_HulaHoop_g11_c02.avi,video_path_20260522_122412_217560_8d2aad1d,watermarking,33.63535746877275,0.8840585094690323,0,0.0,0.0
v_HulaHoop_g11_c02.avi,video_path_20260522_122412_217560_8d2aad1d,resized,,,0,0.0,0.0
v_HulaHoop_g11_c02.avi,video_path_20260522_122412_217560_8d2aad1d,frame_dropped,,,30,0.15,0.0
v_HulaHoop_g11_c02.avi,video_path_20260522_122412_217560_8d2aad1d,compressed,,,7,0.035,0.0
v_HulaHoop_g11_c02.avi,video_path_20260522_122412_217560_8d2aad1d,gauss_noised,,,0,0.0,0.0
v_PullUps_g21_c03.avi,video_path_20260522_122941_383909_9fd10f8e,watermarking,29.877158979496286,0.7784351087658783,0,0.0,0.0
v_PullUps_g21_c03.avi,video_path_20260522_122941_383909_9fd10f8e,resized,,,0,0.0,0.0
v_PullUps_g21_c03.avi,video_path_20260522_122941_383909_9fd10f8e,frame_dropped,,,20,0.1092896174863388,0.0
v_PullUps_g21_c03.avi,video_path_20260522_122941_383909_9fd10f8e,compressed,,,0,0.0,0.0
v_PullUps_g21_c03.avi,video_path_20260522_122941_383909_9fd10f8e,gauss_noised,,,0,0.0,0.0
v_UnevenBars_g10_c01.avi,video_path_20260522_123429_339404_aa935fee,watermarking,31.411817415446805,0.743496073932244,5,0.026455026455026454,0.0
v_UnevenBars_g10_c01.avi,video_path_20260522_123429_339404_aa935fee,resized,,,13,0.06878306878306878,0.0
v_UnevenBars_g10_c01.avi,video_path_20260522_123429_339404_aa935fee,frame_dropped,,,42,0.2222222222222222,0.0
v_UnevenBars_g10_c01.avi,video_path_20260522_123429_339404_aa935fee,compressed,,,43,0.2275132275132275,0.0
v_UnevenBars_g10_c01.avi,video_path_20260522_123429_339404_aa935fee,gauss_noised,,,13,0.06878306878306878,0.0
v_HorseRiding_g02_c02.avi,video_path_20260522_123931_616273_28f0481c,watermarking,32.72373541593323,0.8460083463878343,0,0.0,0.0
v_HorseRiding_g02_c02.avi,video_path_20260522_123931_616273_28f0481c,resized,,,0,0.0,0.0
v_HorseRiding_g02_c02.avi,video_path_20260522_123931_616273_28f0481c,frame_dropped,,,16,0.12121212121212122,0.0
v_HorseRiding_g02_c02.avi,video_path_20260522_123931_616273_28f0481c,compressed,,,2,0.015151515151515152,0.0
v_HorseRiding_g02_c02.avi,video_path_20260522_123931_616273_28f0481c,gauss_noised,,,0,0.0,0.0
v_Skijet_g18_c02.avi,video_path_20260522_124227_819837_17cfd9c2,watermarking,31.68869000774113,0.7937278394967737,2,0.009389671361502348,0.0
v_Skijet_g18_c02.avi,video_path_20260522_124227_819837_17cfd9c2,resized,,,5,0.023474178403755867,0.0
v_Skijet_g18_c02.avi,video_path_20260522_124227_819837_17cfd9c2,frame_dropped,,,30,0.14084507042253522,0.0
v_Skijet_g18_c02.avi,video_path_20260522_124227_819837_17cfd9c2,compressed,,,34,0.1596244131455399,0.0
v_Skijet_g18_c02.avi,video_path_20260522_124227_819837_17cfd9c2,gauss_noised,,,8,0.03755868544600939,0.0
v_Shotput_g20_c01.avi,video_path_20260522_124831_786576_22c0231f,watermarking,31.48526361080507,0.7632260732028795,10,0.08695652173913043,0.0
v_Shotput_g20_c01.avi,video_path_20260522_124831_786576_22c0231f,resized,,,15,0.13043478260869565,0.0
v_Shotput_g20_c01.avi,video_path_20260522_124831_786576_22c0231f,frame_dropped,,,25,0.21739130434782608,0.0
v_Shotput_g20_c01.avi,video_path_20260522_124831_786576_22c0231f,compressed,,,26,0.22608695652173913,0.0
v_Shotput_g20_c01.avi,video_path_20260522_124831_786576_22c0231f,gauss_noised,,,16,0.1391304347826087,0.0
v_TableTennisShot_g22_c01.avi,video_path_20260522_125056_600975_c3a8c45b,watermarking,33.490591175925886,0.8862586393356323,0,0.0,0.0
v_TableTennisShot_g22_c01.avi,video_path_20260522_125056_600975_c3a8c45b,resized,,,0,0.0,0.0
v_TableTennisShot_g22_c01.avi,video_path_20260522_125056_600975_c3a8c45b,frame_dropped,,,50,0.2,0.0
v_TableTennisShot_g22_c01.avi,video_path_20260522_125056_600975_c3a8c45b,compressed,,,8,0.032,0.0
v_TableTennisShot_g22_c01.avi,video_path_20260522_125056_600975_c3a8c45b,gauss_noised,,,0,0.0,0.0
v_PoleVault_g10_c03.avi,video_path_20260522_125844_883625_6ad180e3,watermarking,32.009084901681064,0.8260533181931885,1,0.0033222591362126247,0.0
v_PoleVault_g10_c03.avi,video_path_20260522_125844_883625_6ad180e3,resized,,,2,0.006644518272425249,0.0
v_PoleVault_g10_c03.avi,video_path_20260522_125844_883625_6ad180e3,frame_dropped,,,51,0.16943521594684385,0.0
v_PoleVault_g10_c03.avi,video_path_20260522_125844_883625_6ad180e3,compressed,,,23,0.07641196013289037,0.0
v_PoleVault_g10_c03.avi,video_path_20260522_125844_883625_6ad180e3,gauss_noised,,,3,0.009966777408637873,0.0
v_TableTennisShot_g25_c06.avi,video_path_20260522_130915_078887_051508fa,watermarking,32.79831292865403,0.8400257996150425,12,0.055299539170506916,0.0
v_TableTennisShot_g25_c06.avi,video_path_20260522_130915_078887_051508fa,resized,,,41,0.1889400921658986,0.0
v_TableTennisShot_g25_c06.avi,video_path_20260522_130915_078887_051508fa,frame_dropped,,,43,0.19815668202764977,0.0
v_TableTennisShot_g25_c06.avi,video_path_20260522_130915_078887_051508fa,compressed,,,116,0.5345622119815668,1.0
v_TableTennisShot_g25_c06.avi,video_path_20260522_130915_078887_051508fa,gauss_noised,,,33,0.15207373271889402,0.0
v_HulaHoop_g23_c02.avi,video_path_20260522_131523_215789_e8a314ea,watermarking,31.866582203915613,0.7721102971856187,0,0.0,0.0
v_HulaHoop_g23_c02.avi,video_path_20260522_131523_215789_e8a314ea,resized,,,0,0.0,0.0
v_HulaHoop_g23_c02.avi,video_path_20260522_131523_215789_e8a314ea,frame_dropped,,,14,0.17073170731707318,0.0
v_HulaHoop_g23_c02.avi,video_path_20260522_131523_215789_e8a314ea,compressed,,,0,0.0,0.0
v_HulaHoop_g23_c02.avi,video_path_20260522_131523_215789_e8a314ea,gauss_noised,,,0,0.0,0.0
v_BodyWeightSquats_g21_c01.avi,video_path_20260522_131652_941193_d994f63a,watermarking,31.207829138340365,0.7713993296903723,22,0.43137254901960786,0.995
v_BodyWeightSquats_g21_c01.avi,video_path_20260522_131652_941193_d994f63a,resized,,,22,0.43137254901960786,0.995
v_BodyWeightSquats_g21_c01.avi,video_path_20260522_131652_941193_d994f63a,frame_dropped,,,24,0.47058823529411764,1.0
v_BodyWeightSquats_g21_c01.avi,video_path_20260522_131652_941193_d994f63a,compressed,,,24,0.47058823529411764,1.0
v_BodyWeightSquats_g21_c01.avi,video_path_20260522_131652_941193_d994f63a,gauss_noised,,,24,0.47058823529411764,1.0
v_BodyWeightSquats_g11_c03.avi,video_path_20260522_131741_882055_c91954d6,watermarking,35.1281315044214,0.9245622996674028,0,0.0,0.0
v_BodyWeightSquats_g11_c03.avi,video_path_20260522_131741_882055_c91954d6,resized,,,0,0.0,0.0
v_BodyWeightSquats_g11_c03.avi,video_path_20260522_131741_882055_c91954d6,frame_dropped,,,15,0.1744186046511628,0.0
v_BodyWeightSquats_g11_c03.avi,video_path_20260522_131741_882055_c91954d6,compressed,,,1,0.011627906976744186,0.0
v_BodyWeightSquats_g11_c03.avi,video_path_20260522_131741_882055_c91954d6,gauss_noised,,,0,0.0,0.0
v_CliffDiving_g02_c04.avi,video_path_20260522_131917_487394_80f32844,watermarking,36.191827558533205,0.9116386516792018,4,0.04878048780487805,0.0
v_CliffDiving_g02_c04.avi,video_path_20260522_131917_487394_80f32844,resized,,,21,0.25609756097560976,0.03
v_CliffDiving_g02_c04.avi,video_path_20260522_131917_487394_80f32844,frame_dropped,,,26,0.3170731707317073,0.599
v_CliffDiving_g02_c04.avi,video_path_20260522_131917_487394_80f32844,compressed,,,33,0.4024390243902439,1.0
v_CliffDiving_g02_c04.avi,video_path_20260522_131917_487394_80f32844,gauss_noised,,,21,0.25609756097560976,0.03
v_IceDancing_g10_c04.avi,video_path_20260522_132047_220070_b4034602,watermarking,34.24419541698134,0.9140831248432982,66,0.25882352941176473,0.001
v_IceDancing_g10_c04.avi,video_path_20260522_132047_220070_b4034602,resized,,,99,0.38823529411764707,1.0
v_IceDancing_g10_c04.avi,video_path_20260522_132047_220070_b4034602,frame_dropped,,,97,0.3803921568627451,1.0
v_IceDancing_g10_c04.avi,video_path_20260522_132047_220070_b4034602,compressed,,,115,0.45098039215686275,1.0
v_IceDancing_g10_c04.avi,video_path_20260522_132047_220070_b4034602,gauss_noised,,,94,0.3686274509803922,1.0
v_Rowing_g05_c04.avi,video_path_20260522_132845_004750_2127f2a4,watermarking,33.91820036763325,0.8910559920917654,1,0.002347417840375587,0.0
v_Rowing_g05_c04.avi,video_path_20260522_132845_004750_2127f2a4,resized,,,19,0.04460093896713615,0.0
v_Rowing_g05_c04.avi,video_path_20260522_132845_004750_2127f2a4,frame_dropped,,,73,0.17136150234741784,0.0
v_Rowing_g05_c04.avi,video_path_20260522_132845_004750_2127f2a4,compressed,,,43,0.10093896713615023,0.0
v_Rowing_g05_c04.avi,video_path_20260522_132845_004750_2127f2a4,gauss_noised,,,29,0.06807511737089202,0.0
v_HorseRiding_g02_c07.avi,video_path_20260522_134759_275073_4fcd3e92,watermarking,34.939219288720096,0.9006586040059725,0,0.0,0.0
v_HorseRiding_g02_c07.avi,video_path_20260522_134759_275073_4fcd3e92,resized,,,1,0.008333333333333333,0.0
v_HorseRiding_g02_c07.avi,video_path_20260522_134759_275073_4fcd3e92,frame_dropped,,,25,0.20833333333333334,0.0
v_HorseRiding_g02_c07.avi,video_path_20260522_134759_275073_4fcd3e92,compressed,,,20,0.16666666666666666,0.0
v_HorseRiding_g02_c07.avi,video_path_20260522_134759_275073_4fcd3e92,gauss_noised,,,5,0.041666666666666664,0.0
v_LongJump_g21_c01.avi,video_path_20260522_135030_837087_19fcd3bf,watermarking,33.19974958896813,0.8577071034302146,11,0.09322033898305085,0.0
v_LongJump_g21_c01.avi,video_path_20260522_135030_837087_19fcd3bf,resized,,,24,0.2033898305084746,0.0
v_LongJump_g21_c01.avi,video_path_20260522_135030_837087_19fcd3bf,frame_dropped,,,32,0.2711864406779661,0.018
v_LongJump_g21_c01.avi,video_path_20260522_135030_837087_19fcd3bf,compressed,,,29,0.2457627118644068,0.003
v_LongJump_g21_c01.avi,video_path_20260522_135030_837087_19fcd3bf,gauss_noised,,,25,0.211864406779661,0.0
v_PizzaTossing_g17_c01.avi,video_path_20260522_135258_271850_16c2c0c3,watermarking,34.20518266467356,0.9167996175745701,0,0.0,0.0
v_PizzaTossing_g17_c01.avi,video_path_20260522_135258_271850_16c2c0c3,resized,,,2,0.014184397163120567,0.0
v_PizzaTossing_g17_c01.avi,video_path_20260522_135258_271850_16c2c0c3,frame_dropped,,,24,0.1702127659574468,0.0
v_PizzaTossing_g17_c01.avi,video_path_20260522_135258_271850_16c2c0c3,compressed,,,17,0.12056737588652482,0.0
v_PizzaTossing_g17_c01.avi,video_path_20260522_135258_271850_16c2c0c3,gauss_noised,,,0,0.0,0.0
v_BandMarching_g03_c05.avi,video_path_20260522_135609_057759_3b1dc6ac,watermarking,32.69345935316944,0.8693875690301259,2,0.007407407407407408,0.0
v_BandMarching_g03_c05.avi,video_path_20260522_135609_057759_3b1dc6ac,resized,,,26,0.0962962962962963,0.0
v_BandMarching_g03_c05.avi,video_path_20260522_135609_057759_3b1dc6ac,frame_dropped,,,56,0.2074074074074074,0.0
v_BandMarching_g03_c05.avi,video_path_20260522_135609_057759_3b1dc6ac,compressed,,,53,0.1962962962962963,0.0
v_BandMarching_g03_c05.avi,video_path_20260522_135609_057759_3b1dc6ac,gauss_noised,,,44,0.16296296296296298,0.0
v_GolfSwing_g11_c06.avi,video_path_20260522_140453_049436_6b7c9551,watermarking,32.191848975461326,0.8311097609876382,32,0.32323232323232326,0.485
v_GolfSwing_g11_c06.avi,video_path_20260522_140453_049436_6b7c9551,resized,,,32,0.32323232323232326,0.485
v_GolfSwing_g11_c06.avi,video_path_20260522_140453_049436_6b7c9551,frame_dropped,,,35,0.35353535353535354,0.891
v_GolfSwing_g11_c06.avi,video_path_20260522_140453_049436_6b7c9551,compressed,,,33,0.3333333333333333,0.653
v_GolfSwing_g11_c06.avi,video_path_20260522_140453_049436_6b7c9551,gauss_noised,,,29,0.29292929292929293,0.119
v_TaiChi_g02_c04.avi,video_path_20260522_140648_580552_13808e62,watermarking,33.20972599185386,0.9136902285598175,0,0.0,0.0
v_TaiChi_g02_c04.avi,video_path_20260522_140648_580552_13808e62,resized,,,0,0.0,0.0
v_TaiChi_g02_c04.avi,video_path_20260522_140648_580552_13808e62,frame_dropped,,,29,0.1695906432748538,0.0
v_TaiChi_g02_c04.avi,video_path_20260522_140648_580552_13808e62,compressed,,,5,0.029239766081871343,0.0
v_TaiChi_g02_c04.avi,video_path_20260522_140648_580552_13808e62,gauss_noised,,,0,0.0,0.0
v_CuttingInKitchen_g23_c04.avi,video_path_20260522_141103_382768_7749e883,watermarking,30.50324151218312,0.7986305984821949,0,0.0,0.0
v_CuttingInKitchen_g23_c04.avi,video_path_20260522_141103_382768_7749e883,resized,,,0,0.0,0.0
v_CuttingInKitchen_g23_c04.avi,video_path_20260522_141103_382768_7749e883,frame_dropped,,,18,0.1978021978021978,0.0
v_CuttingInKitchen_g23_c04.avi,video_path_20260522_141103_382768_7749e883,compressed,,,0,0.0,0.0
v_CuttingInKitchen_g23_c04.avi,video_path_20260522_141103_382768_7749e883,gauss_noised,,,0,0.0,0.0
v_Surfing_g18_c02.avi,video_path_20260522_141246_459816_98ee765a,watermarking,37.51724276678395,0.9283833922878388,49,0.3161290322580645,0.754
v_Surfing_g18_c02.avi,video_path_20260522_141246_459816_98ee765a,resized,,,62,0.4,1.0
v_Surfing_g18_c02.avi,video_path_20260522_141246_459816_98ee765a,frame_dropped,,,65,0.41935483870967744,1.0
v_Surfing_g18_c02.avi,video_path_20260522_141246_459816_98ee765a,compressed,,,72,0.4645161290322581,1.0
v_Surfing_g18_c02.avi,video_path_20260522_141246_459816_98ee765a,gauss_noised,,,70,0.45161290322580644,1.0
v_BasketballDunk_g08_c03.avi,video_path_20260522_141625_698340_8d796233,watermarking,31.240241903444772,0.818474549358174,3,0.05084745762711865,0.0
v_BasketballDunk_g08_c03.avi,video_path_20260522_141625_698340_8d796233,resized,,,7,0.11864406779661017,0.0
v_BasketballDunk_g08_c03.avi,video_path_20260522_141625_698340_8d796233,frame_dropped,,,17,0.288135593220339,0.15
v_BasketballDunk_g08_c03.avi,video_path_20260522_141625_698340_8d796233,compressed,,,12,0.2033898305084746,0.001
v_BasketballDunk_g08_c03.avi,video_path_20260522_141625_698340_8d796233,gauss_noised,,,7,0.11864406779661017,0.0
v_UnevenBars_g07_c01.avi,video_path_20260522_141724_224112_629d03a6,watermarking,31.89739968085736,0.8620372943083445,0,0.0,0.0
v_UnevenBars_g07_c01.avi,video_path_20260522_141724_224112_629d03a6,resized,,,0,0.0,0.0
v_UnevenBars_g07_c01.avi,video_path_20260522_141724_224112_629d03a6,frame_dropped,,,18,0.12,0.0
v_UnevenBars_g07_c01.avi,video_path_20260522_141724_224112_629d03a6,compressed,,,7,0.04666666666666667,0.0
v_UnevenBars_g07_c01.avi,video_path_20260522_141724_224112_629d03a6,gauss_noised,,,0,0.0,0.0
v_PlayingTabla_g16_c01.avi,video_path_20260522_142053_218224_5ba03736,watermarking,30.596591687381085,0.8019517881680379,0,0.0,0.0
v_PlayingTabla_g16_c01.avi,video_path_20260522_142053_218224_5ba03736,resized,,,0,0.0,0.0
v_PlayingTabla_g16_c01.avi,video_path_20260522_142053_218224_5ba03736,frame_dropped,,,12,0.10619469026548672,0.0
v_PlayingTabla_g16_c01.avi,video_path_20260522_142053_218224_5ba03736,compressed,,,4,0.035398230088495575,0.0
v_PlayingTabla_g16_c01.avi,video_path_20260522_142053_218224_5ba03736,gauss_noised,,,0,0.0,0.0
v_TennisSwing_g04_c06.avi,video_path_20260522_142312_058261_2f6646ce,watermarking,31.23273988210836,0.747971197172087,16,0.16326530612244897,0.0
v_TennisSwing_g04_c06.avi,video_path_20260522_142312_058261_2f6646ce,resized,,,30,0.30612244897959184,0.321
v_TennisSwing_g04_c06.avi,video_path_20260522_142312_058261_2f6646ce,frame_dropped,,,32,0.32653061224489793,0.625
v_TennisSwing_g04_c06.avi,video_path_20260522_142312_058261_2f6646ce,compressed,,,41,0.41836734693877553,1.0
v_TennisSwing_g04_c06.avi,video_path_20260522_142312_058261_2f6646ce,gauss_noised,,,21,0.21428571428571427,0.0
v_UnevenBars_g16_c04.avi,video_path_20260522_142505_494225_9a3f19d5,watermarking,33.379774558445725,0.8499999284744263,1,0.0033333333333333335,0.0
v_UnevenBars_g16_c04.avi,video_path_20260522_142505_494225_9a3f19d5,resized,,,5,0.016666666666666666,0.0
v_UnevenBars_g16_c04.avi,video_path_20260522_142505_494225_9a3f19d5,frame_dropped,,,63,0.21,0.0
v_UnevenBars_g16_c04.avi,video_path_20260522_142505_494225_9a3f19d5,compressed,,,27,0.09,0.0
v_UnevenBars_g16_c04.avi,video_path_20260522_142505_494225_9a3f19d5,gauss_noised,,,10,0.03333333333333333,0.0
v_ThrowDiscus_g22_c03.avi,video_path_20260522_143529_983572_a4edbc0e,watermarking,32.008144918499625,0.8529936383510458,14,0.16091954022988506,0.0
v_ThrowDiscus_g22_c03.avi,video_path_20260522_143529_983572_a4edbc0e,resized,,,18,0.20689655172413793,0.0
v_ThrowDiscus_g22_c03.avi,video_path_20260522_143529_983572_a4edbc0e,frame_dropped,,,27,0.3103448275862069,0.407
v_ThrowDiscus_g22_c03.avi,video_path_20260522_143529_983572_a4edbc0e,compressed,,,29,0.3333333333333333,0.712
v_ThrowDiscus_g22_c03.avi,video_path_20260522_143529_983572_a4edbc0e,gauss_noised,,,22,0.25287356321839083,0.013
v_ShavingBeard_g01_c04.avi,video_path_20260522_143706_892859_e076ce60,watermarking,34.50091171371496,0.8865986695656409,2,0.02197802197802198,0.0
v_ShavingBeard_g01_c04.avi,video_path_20260522_143706_892859_e076ce60,resized,,,9,0.0989010989010989,0.0
v_ShavingBeard_g01_c04.avi,video_path_20260522_143706_892859_e076ce60,frame_dropped,,,12,0.13186813186813187,0.0
v_ShavingBeard_g01_c04.avi,video_path_20260522_143706_892859_e076ce60,compressed,,,32,0.3516483516483517,0.804
v_ShavingBeard_g01_c04.avi,video_path_20260522_143706_892859_e076ce60,gauss_noised,,,9,0.0989010989010989,0.0
v_HammerThrow_g21_c03.avi,video_path_20260522_143849_473968_81e924c8,watermarking,32.51105982910402,0.8290861849071217,0,0.0,0.0
v_HammerThrow_g21_c03.avi,video_path_20260522_143849_473968_81e924c8,resized,,,0,0.0,0.0
v_HammerThrow_g21_c03.avi,video_path_20260522_143849_473968_81e924c8,frame_dropped,,,21,0.14285714285714285,0.0
v_HammerThrow_g21_c03.avi,video_path_20260522_143849_473968_81e924c8,compressed,,,0,0.0,0.0
v_HammerThrow_g21_c03.avi,video_path_20260522_143849_473968_81e924c8,gauss_noised,,,0,0.0,0.0
v_CliffDiving_g17_c02.avi,video_path_20260522_144212_431807_5ef632d2,watermarking,34.65510158636547,0.8643275131570533,5,0.05319148936170213,0.0
v_CliffDiving_g17_c02.avi,video_path_20260522_144212_431807_5ef632d2,resized,,,5,0.05319148936170213,0.0
v_CliffDiving_g17_c02.avi,video_path_20260522_144212_431807_5ef632d2,frame_dropped,,,18,0.19148936170212766,0.0
v_CliffDiving_g17_c02.avi,video_path_20260522_144212_431807_5ef632d2,compressed,,,16,0.1702127659574468,0.0
v_CliffDiving_g17_c02.avi,video_path_20260522_144212_431807_5ef632d2,gauss_noised,,,12,0.1276595744680851,0.0
v_RockClimbingIndoor_g25_c07.avi,video_path_20260522_144400_811952_f1cb49d2,watermarking,33.908382932557245,0.8952008576014497,0,0.0,0.0
v_RockClimbingIndoor_g25_c07.avi,video_path_20260522_144400_811952_f1cb49d2,resized,,,0,0.0,0.0
v_RockClimbingIndoor_g25_c07.avi,video_path_20260522_144400_811952_f1cb49d2,frame_dropped,,,48,0.11910669975186104,0.0
v_RockClimbingIndoor_g25_c07.avi,video_path_20260522_144400_811952_f1cb49d2,compressed,,,8,0.019851116625310174,0.0
v_RockClimbingIndoor_g25_c07.avi,video_path_20260522_144400_811952_f1cb49d2,gauss_noised,,,1,0.0024813895781637717,0.0
v_ParallelBars_g20_c03.avi,video_path_20260522_150131_696556_eb1cb33b,watermarking,31.283876056894048,0.8311989700037336,0,0.0,0.0
v_ParallelBars_g20_c03.avi,video_path_20260522_150131_696556_eb1cb33b,resized,,,0,0.0,0.0
v_ParallelBars_g20_c03.avi,video_path_20260522_150131_696556_eb1cb33b,frame_dropped,,,20,0.15873015873015872,0.0
v_ParallelBars_g20_c03.avi,video_path_20260522_150131_696556_eb1cb33b,compressed,,,7,0.05555555555555555,0.0
v_ParallelBars_g20_c03.avi,video_path_20260522_150131_696556_eb1cb33b,gauss_noised,,,0,0.0,0.0
v_WallPushups_g06_c07.avi,video_path_20260522_150414_514956_775ecdc3,watermarking,34.0423420753146,0.9033017432762801,4,0.024539877300613498,0.0
v_WallPushups_g06_c07.avi,video_path_20260522_150414_514956_775ecdc3,resized,,,13,0.07975460122699386,0.0
v_WallPushups_g06_c07.avi,video_path_20260522_150414_514956_775ecdc3,frame_dropped,,,34,0.2085889570552147,0.0
v_WallPushups_g06_c07.avi,video_path_20260522_150414_514956_775ecdc3,compressed,,,44,0.26993865030674846,0.02
v_WallPushups_g06_c07.avi,video_path_20260522_150414_514956_775ecdc3,gauss_noised,,,22,0.13496932515337423,0.0
v_PullUps_g03_c02.avi,video_path_20260522_150811_607925_5915cf50,watermarking,29.17903586360007,0.5486353873633422,0,0.0,0.0
v_PullUps_g03_c02.avi,video_path_20260522_150811_607925_5915cf50,resized,,,0,0.0,0.0
v_PullUps_g03_c02.avi,video_path_20260522_150811_607925_5915cf50,frame_dropped,,,27,0.12980769230769232,0.0
v_PullUps_g03_c02.avi,video_path_20260522_150811_607925_5915cf50,compressed,,,0,0.0,0.0
v_PullUps_g03_c02.avi,video_path_20260522_150811_607925_5915cf50,gauss_noised,,,0,0.0,0.0
v_PlayingSitar_g22_c04.avi,video_path_20260522_151358_347945_5fc51838,watermarking,31.59453529299045,0.8548576836548154,12,0.047619047619047616,0.0
v_PlayingSitar_g22_c04.avi,video_path_20260522_151358_347945_5fc51838,resized,,,64,0.25396825396825395,0.0
v_PlayingSitar_g22_c04.avi,video_path_20260522_151358_347945_5fc51838,frame_dropped,,,73,0.2896825396825397,0.128
v_PlayingSitar_g22_c04.avi,video_path_20260522_151358_347945_5fc51838,compressed,,,132,0.5238095238095238,1.0
v_PlayingSitar_g22_c04.avi,video_path_20260522_151358_347945_5fc51838,gauss_noised,,,111,0.44047619047619047,1.0
v_WritingOnBoard_g10_c04.avi,video_path_20260522_152154_637297_6908c867,watermarking,35.61643058891083,0.902606806708771,0,0.0,0.0
v_WritingOnBoard_g10_c04.avi,video_path_20260522_152154_637297_6908c867,resized,,,1,0.009708737864077669,0.0
v_WritingOnBoard_g10_c04.avi,video_path_20260522_152154_637297_6908c867,frame_dropped,,,11,0.10679611650485436,0.0
v_WritingOnBoard_g10_c04.avi,video_path_20260522_152154_637297_6908c867,compressed,,,4,0.038834951456310676,0.0
v_WritingOnBoard_g10_c04.avi,video_path_20260522_152154_637297_6908c867,gauss_noised,,,0,0.0,0.0
v_ApplyLipstick_g08_c02.avi,video_path_20260522_152358_482855_99f52099,watermarking,34.1599560252677,0.8877753947423473,0,0.0,0.0
v_ApplyLipstick_g08_c02.avi,video_path_20260522_152358_482855_99f52099,resized,,,3,0.0136986301369863,0.0
v_ApplyLipstick_g08_c02.avi,video_path_20260522_152358_482855_99f52099,frame_dropped,,,28,0.1278538812785388,0.0
v_ApplyLipstick_g08_c02.avi,video_path_20260522_152358_482855_99f52099,compressed,,,10,0.045662100456621,0.0
v_ApplyLipstick_g08_c02.avi,video_path_20260522_152358_482855_99f52099,gauss_noised,,,4,0.0182648401826484,0.0
v_SumoWrestling_g14_c01.avi,video_path_20260522_153012_295525_4d7e4d99,watermarking,30.891142972793315,0.7381671164013924,8,0.07339449541284404,0.0
v_SumoWrestling_g14_c01.avi,video_path_20260522_153012_295525_4d7e4d99,resized,,,17,0.1559633027522936,0.0
v_SumoWrestling_g14_c01.avi,video_path_20260522_153012_295525_4d7e4d99,frame_dropped,,,24,0.22018348623853212,0.001
v_SumoWrestling_g14_c01.avi,video_path_20260522_153012_295525_4d7e4d99,compressed,,,40,0.3669724770642202,0.995
v_SumoWrestling_g14_c01.avi,video_path_20260522_153012_295525_4d7e4d99,gauss_noised,,,29,0.26605504587155965,0.042
v_ParallelBars_g17_c03.avi,video_path_20260522_153224_939757_93d50aa8,watermarking,31.08169612310322,0.802288286923045,0,0.0,0.0
v_ParallelBars_g17_c03.avi,video_path_20260522_153224_939757_93d50aa8,resized,,,0,0.0,0.0
v_ParallelBars_g17_c03.avi,video_path_20260522_153224_939757_93d50aa8,frame_dropped,,,34,0.1878453038674033,0.0
v_ParallelBars_g17_c03.avi,video_path_20260522_153224_939757_93d50aa8,compressed,,,11,0.06077348066298342,0.0
v_ParallelBars_g17_c03.avi,video_path_20260522_153224_939757_93d50aa8,gauss_noised,,,1,0.0055248618784530384,0.0
v_Skiing_g22_c01.avi,video_path_20260522_153703_199823_b4a50eee,watermarking,37.24619260049911,0.9425559212179745,43,0.2529411764705882,0.004
v_Skiing_g22_c01.avi,video_path_20260522_153703_199823_b4a50eee,resized,,,56,0.32941176470588235,0.83
v_Skiing_g22_c01.avi,video_path_20260522_153703_199823_b4a50eee,frame_dropped,,,60,0.35294117647058826,0.979
v_Skiing_g22_c01.avi,video_path_20260522_153703_199823_b4a50eee,compressed,,,69,0.40588235294117647,1.0
v_Skiing_g22_c01.avi,video_path_20260522_153703_199823_b4a50eee,gauss_noised,,,61,0.3588235294117647,0.991
v_PlayingDaf_g08_c02.avi,video_path_20260522_154116_318829_28787b40,watermarking,34.11837604078518,0.8671254451856965,5,0.016722408026755852,0.0
v_PlayingDaf_g08_c02.avi,video_path_20260522_154116_318829_28787b40,resized,,,26,0.08695652173913043,0.0
v_PlayingDaf_g08_c02.avi,video_path_20260522_154116_318829_28787b40,frame_dropped,,,47,0.15719063545150502,0.0
v_PlayingDaf_g08_c02.avi,video_path_20260522_154116_318829_28787b40,compressed,,,31,0.10367892976588629,0.0
v_PlayingDaf_g08_c02.avi,video_path_20260522_154116_318829_28787b40,gauss_noised,,,21,0.07023411371237458,0.0
v_SkyDiving_g21_c02.avi,video_path_20260522_155139_214226_cc27ac25,watermarking,34.55252732868864,0.9167067821209247,23,0.11057692307692307,0.0
v_SkyDiving_g21_c02.avi,video_path_20260522_155139_214226_cc27ac25,resized,,,61,0.2932692307692308,0.225
v_SkyDiving_g21_c02.avi,video_path_20260522_155139_214226_cc27ac25,frame_dropped,,,62,0.2980769230769231,0.334
v_SkyDiving_g21_c02.avi,video_path_20260522_155139_214226_cc27ac25,compressed,,,77,0.3701923076923077,1.0
v_SkyDiving_g21_c02.avi,video_path_20260522_155139_214226_cc27ac25,gauss_noised,,,68,0.3269230769230769,0.903
v_HorseRiding_g14_c04.avi,video_path_20260522_155723_619037_4578e6b6,watermarking,29.686961234676005,0.7057831582202706,0,0.0,0.0
v_HorseRiding_g14_c04.avi,video_path_20260522_155723_619037_4578e6b6,resized,,,0,0.0,0.0
v_HorseRiding_g14_c04.avi,video_path_20260522_155723_619037_4578e6b6,frame_dropped,,,14,0.15053763440860216,0.0
v_HorseRiding_g14_c04.avi,video_path_20260522_155723_619037_4578e6b6,compressed,,,6,0.06451612903225806,0.0
v_HorseRiding_g14_c04.avi,video_path_20260522_155723_619037_4578e6b6,gauss_noised,,,1,0.010752688172043012,0.0
v_PommelHorse_g22_c02.avi,video_path_20260522_155910_411978_99dcf4e2,watermarking,30.177341859618267,0.8178989826669318,0,0.0,0.0
v_PommelHorse_g22_c02.avi,video_path_20260522_155910_411978_99dcf4e2,resized,,,4,0.009237875288683603,0.0
v_PommelHorse_g22_c02.avi,video_path_20260522_155910_411978_99dcf4e2,frame_dropped,,,50,0.11547344110854503,0.0
v_PommelHorse_g22_c02.avi,video_path_20260522_155910_411978_99dcf4e2,compressed,,,31,0.07159353348729793,0.0
v_PommelHorse_g22_c02.avi,video_path_20260522_155910_411978_99dcf4e2,gauss_noised,,,4,0.009237875288683603,0.0
v_Rafting_g18_c02.avi,video_path_20260522_161858_921904_d65d08f1,watermarking,36.01695408300087,0.9233911411884503,7,0.08974358974358974,0.0
v_Rafting_g18_c02.avi,video_path_20260522_161858_921904_d65d08f1,resized,,,20,0.2564102564102564,0.019
v_Rafting_g18_c02.avi,video_path_20260522_161858_921904_d65d08f1,frame_dropped,,,23,0.2948717948717949,0.205
v_Rafting_g18_c02.avi,video_path_20260522_161858_921904_d65d08f1,compressed,,,28,0.358974358974359,0.907
v_Rafting_g18_c02.avi,video_path_20260522_161858_921904_d65d08f1,gauss_noised,,,24,0.3076923076923077,0.346
v_BabyCrawling_g25_c04.avi,video_path_20260522_162023_908747_b5c70103,watermarking,32.575758928309384,0.848901616621621,0,0.0,0.0
v_BabyCrawling_g25_c04.avi,video_path_20260522_162023_908747_b5c70103,resized,,,1,0.006329113924050633,0.0
v_BabyCrawling_g25_c04.avi,video_path_20260522_162023_908747_b5c70103,frame_dropped,,,23,0.14556962025316456,0.0
v_BabyCrawling_g25_c04.avi,video_path_20260522_162023_908747_b5c70103,compressed,,,14,0.08860759493670886,0.0
v_BabyCrawling_g25_c04.avi,video_path_20260522_162023_908747_b5c70103,gauss_noised,,,2,0.012658227848101266,0.0
v_PlayingTabla_g23_c02.avi,video_path_20260522_162410_822803_348961d0,watermarking,31.436739724119214,0.8439772692508996,0,0.0,0.0
v_PlayingTabla_g23_c02.avi,video_path_20260522_162410_822803_348961d0,resized,,,0,0.0,0.0
v_PlayingTabla_g23_c02.avi,video_path_20260522_162410_822803_348961d0,frame_dropped,,,41,0.16015625,0.0
v_PlayingTabla_g23_c02.avi,video_path_20260522_162410_822803_348961d0,compressed,,,9,0.03515625,0.0
v_PlayingTabla_g23_c02.avi,video_path_20260522_162410_822803_348961d0,gauss_noised,,,0,0.0,0.0
v_JavelinThrow_g22_c02.avi,video_path_20260522_163210_325487_9776e874,watermarking,34.416865630069246,0.9021660861643878,2,0.022727272727272728,0.0
v_JavelinThrow_g22_c02.avi,video_path_20260522_163210_325487_9776e874,resized,,,9,0.10227272727272728,0.0
v_JavelinThrow_g22_c02.avi,video_path_20260522_163210_325487_9776e874,frame_dropped,,,15,0.17045454545454544,0.0
v_JavelinThrow_g22_c02.avi,video_path_20260522_163210_325487_9776e874,compressed,,,27,0.3068181818181818,0.192
v_JavelinThrow_g22_c02.avi,video_path_20260522_163210_325487_9776e874,gauss_noised,,,16,0.18181818181818182,0.0
v_TennisSwing_g19_c06.avi,video_path_20260522_163348_611425_9e5cc22b,watermarking,33.17543420520333,0.835308553056514,0,0.0,0.0
v_TennisSwing_g19_c06.avi,video_path_20260522_163348_611425_9e5cc22b,resized,,,0,0.0,0.0
v_TennisSwing_g19_c06.avi,video_path_20260522_163348_611425_9e5cc22b,frame_dropped,,,29,0.20567375886524822,0.0
v_TennisSwing_g19_c06.avi,video_path_20260522_163348_611425_9e5cc22b,compressed,,,1,0.0070921985815602835,0.0
v_TennisSwing_g19_c06.avi,video_path_20260522_163348_611425_9e5cc22b,gauss_noised,,,0,0.0,0.0
v_StillRings_g05_c03.avi,video_path_20260522_163659_734335_c87d7e7a,watermarking,30.53501778069412,0.7682109357880764,0,0.0,0.0
v_StillRings_g05_c03.avi,video_path_20260522_163659_734335_c87d7e7a,resized,,,1,0.00819672131147541,0.0
v_StillRings_g05_c03.avi,video_path_20260522_163659_734335_c87d7e7a,frame_dropped,,,13,0.10655737704918032,0.0
v_StillRings_g05_c03.avi,video_path_20260522_163659_734335_c87d7e7a,compressed,,,5,0.040983606557377046,0.0
v_StillRings_g05_c03.avi,video_path_20260522_163659_734335_c87d7e7a,gauss_noised,,,1,0.00819672131147541,0.0
v_Biking_g07_c03.avi,video_path_20260522_163936_059332_7152ebbe,watermarking,33.494187183816756,0.883754607141018,10,0.025,0.0
v_Biking_g07_c03.avi,video_path_20260522_163936_059332_7152ebbe,resized,,,25,0.0625,0.0
v_Biking_g07_c03.avi,video_path_20260522_163936_059332_7152ebbe,frame_dropped,,,79,0.1975,0.0
v_Biking_g07_c03.avi,video_path_20260522_163936_059332_7152ebbe,compressed,,,104,0.26,0.0
v_Biking_g07_c03.avi,video_path_20260522_163936_059332_7152ebbe,gauss_noised,,,42,0.105,0.0
v_PlayingSitar_g08_c02.avi,video_path_20260522_165708_103848_0b4df5ea,watermarking,31.878391635197133,0.8760885843919882,0,0.0,0.0
v_PlayingSitar_g08_c02.avi,video_path_20260522_165708_103848_0b4df5ea,resized,,,1,0.002036659877800407,0.0
v_PlayingSitar_g08_c02.avi,video_path_20260522_165708_103848_0b4df5ea,frame_dropped,,,82,0.1670061099796334,0.0
v_PlayingSitar_g08_c02.avi,video_path_20260522_165708_103848_0b4df5ea,compressed,,,16,0.032586558044806514,0.0
v_PlayingSitar_g08_c02.avi,video_path_20260522_165708_103848_0b4df5ea,gauss_noised,,,1,0.002036659877800407,0.0
v_BreastStroke_g19_c04.avi,video_path_20260522_172159_630683_71ad2cdf,watermarking,31.85627144397618,0.7855210682369014,10,0.04405286343612335,0.0
v_BreastStroke_g19_c04.avi,video_path_20260522_172159_630683_71ad2cdf,resized,,,44,0.19383259911894274,0.0
v_BreastStroke_g19_c04.avi,video_path_20260522_172159_630683_71ad2cdf,frame_dropped,,,45,0.19823788546255505,0.0
v_BreastStroke_g19_c04.avi,video_path_20260522_172159_630683_71ad2cdf,compressed,,,67,0.29515418502202645,0.121
v_BreastStroke_g19_c04.avi,video_path_20260522_172159_630683_71ad2cdf,gauss_noised,,,42,0.18502202643171806,0.0
v_PlayingGuitar_g25_c07.avi,video_path_20260522_172838_206077_954248e5,watermarking,34.75336895594057,0.9138088026046753,0,0.0,0.0
v_PlayingGuitar_g25_c07.avi,video_path_20260522_172838_206077_954248e5,resized,,,0,0.0,0.0
v_PlayingGuitar_g25_c07.avi,video_path_20260522_172838_206077_954248e5,frame_dropped,,,50,0.2,0.0
v_PlayingGuitar_g25_c07.avi,video_path_20260522_172838_206077_954248e5,compressed,,,16,0.064,0.0
v_PlayingGuitar_g25_c07.avi,video_path_20260522_172838_206077_954248e5,gauss_noised,,,2,0.008,0.0
v_Diving_g22_c05.avi,video_path_20260522_173619_797772_685bf3d1,watermarking,31.28509022473472,0.8358699454937453,1,0.006172839506172839,0.0
v_Diving_g22_c05.avi,video_path_20260522_173619_797772_685bf3d1,resized,,,4,0.024691358024691357,0.0
v_Diving_g22_c05.avi,video_path_20260522_173619_797772_685bf3d1,frame_dropped,,,20,0.12345679012345678,0.0
v_Diving_g22_c05.avi,video_path_20260522_173619_797772_685bf3d1,compressed,,,12,0.07407407407407407,0.0
v_Diving_g22_c05.avi,video_path_20260522_173619_797772_685bf3d1,gauss_noised,,,1,0.006172839506172839,0.0
v_PlayingSitar_g18_c03.avi,video_path_20260522_174015_614341_43428e00,watermarking,30.92587809691158,0.8198814984257464,0,0.0,0.0
v_PlayingSitar_g18_c03.avi,video_path_20260522_174015_614341_43428e00,resized,,,0,0.0,0.0
v_PlayingSitar_g18_c03.avi,video_path_20260522_174015_614341_43428e00,frame_dropped,,,75,0.16268980477223427,0.0
v_PlayingSitar_g18_c03.avi,video_path_20260522_174015_614341_43428e00,compressed,,,13,0.028199566160520606,0.0
v_PlayingSitar_g18_c03.avi,video_path_20260522_174015_614341_43428e00,gauss_noised,,,0,0.0,0.0
v_Nunchucks_g06_c01.avi,video_path_20260522_180219_730908_972fdb90,watermarking,35.41416950951742,0.9087927894397352,32,0.10062893081761007,0.0
v_Nunchucks_g06_c01.avi,video_path_20260522_180219_730908_972fdb90,resized,,,64,0.20125786163522014,0.0
v_Nunchucks_g06_c01.avi,video_path_20260522_180219_730908_972fdb90,frame_dropped,,,72,0.22641509433962265,0.0
v_Nunchucks_g06_c01.avi,video_path_20260522_180219_730908_972fdb90,compressed,,,108,0.33962264150943394,0.986
v_Nunchucks_g06_c01.avi,video_path_20260522_180219_730908_972fdb90,gauss_noised,,,93,0.29245283018867924,0.055
v_Mixing_g13_c06.avi,video_path_20260522_181351_715162_2959297f,watermarking,34.008431527344406,0.8701987346777549,8,0.07692307692307693,0.0
v_Mixing_g13_c06.avi,video_path_20260522_181351_715162_2959297f,resized,,,18,0.17307692307692307,0.0
v_Mixing_g13_c06.avi,video_path_20260522_181351_715162_2959297f,frame_dropped,,,24,0.23076923076923078,0.0
v_Mixing_g13_c06.avi,video_path_20260522_181351_715162_2959297f,compressed,,,27,0.25961538461538464,0.011
v_Mixing_g13_c06.avi,video_path_20260522_181351_715162_2959297f,gauss_noised,,,20,0.19230769230769232,0.0
v_IceDancing_g03_c04.avi,video_path_20260522_181555_622854_87fd111d,watermarking,33.84242901972928,0.9196763705814817,74,0.3045267489711934,0.523
v_IceDancing_g03_c04.avi,video_path_20260522_181555_622854_87fd111d,resized,,,94,0.3868312757201646,1.0
v_IceDancing_g03_c04.avi,video_path_20260522_181555_622854_87fd111d,frame_dropped,,,99,0.4074074074074074,1.0
v_IceDancing_g03_c04.avi,video_path_20260522_181555_622854_87fd111d,compressed,,,110,0.45267489711934156,1.0
v_IceDancing_g03_c04.avi,video_path_20260522_181555_622854_87fd111d,gauss_noised,,,102,0.41975308641975306,1.0
v_BenchPress_g08_c05.avi,video_path_20260522_182317_839086_528ef441,watermarking,31.81206551186452,0.84677845175891,2,0.0106951871657754,0.0
v_BenchPress_g08_c05.avi,video_path_20260522_182317_839086_528ef441,resized,,,7,0.0374331550802139,0.0
v_BenchPress_g08_c05.avi,video_path_20260522_182317_839086_528ef441,frame_dropped,,,24,0.12834224598930483,0.0
v_BenchPress_g08_c05.avi,video_path_20260522_182317_839086_528ef441,compressed,,,17,0.09090909090909091,0.0
v_BenchPress_g08_c05.avi,video_path_20260522_182317_839086_528ef441,gauss_noised,,,5,0.026737967914438502,0.0
v_HorseRace_g12_c02.avi,video_path_20260522_182810_289904_b40d1510,watermarking,32.426948675924194,0.8860375150232702,0,0.0,0.0
v_HorseRace_g12_c02.avi,video_path_20260522_182810_289904_b40d1510,resized,,,0,0.0,0.0
v_HorseRace_g12_c02.avi,video_path_20260522_182810_289904_b40d1510,frame_dropped,,,52,0.17567567567567569,0.0
v_HorseRace_g12_c02.avi,video_path_20260522_182810_289904_b40d1510,compressed,,,6,0.02027027027027027,0.0
v_HorseRace_g12_c02.avi,video_path_20260522_182810_289904_b40d1510,gauss_noised,,,0,0.0,0.0
v_SkateBoarding_g11_c05.avi,video_path_20260522_183823_097454_c99186ac,watermarking,32.58061508655844,0.853734751663557,0,0.0,0.0
v_SkateBoarding_g11_c05.avi,video_path_20260522_183823_097454_c99186ac,resized,,,4,0.024390243902439025,0.0
v_SkateBoarding_g11_c05.avi,video_path_20260522_183823_097454_c99186ac,frame_dropped,,,23,0.1402439024390244,0.0
v_SkateBoarding_g11_c05.avi,video_path_20260522_183823_097454_c99186ac,compressed,,,29,0.17682926829268292,0.0
v_SkateBoarding_g11_c05.avi,video_path_20260522_183823_097454_c99186ac,gauss_noised,,,5,0.03048780487804878,0.0
v_SoccerJuggling_g13_c03.avi,video_path_20260522_184222_833734_a4d73d3a,watermarking,32.43249164593836,0.7506825857428441,0,0.0,0.0
v_SoccerJuggling_g13_c03.avi,video_path_20260522_184222_833734_a4d73d3a,resized,,,4,0.01593625498007968,0.0
v_SoccerJuggling_g13_c03.avi,video_path_20260522_184222_833734_a4d73d3a,frame_dropped,,,41,0.16334661354581673,0.0
v_SoccerJuggling_g13_c03.avi,video_path_20260522_184222_833734_a4d73d3a,compressed,,,70,0.2788844621513944,0.024
v_SoccerJuggling_g13_c03.avi,video_path_20260522_184222_833734_a4d73d3a,gauss_noised,,,109,0.4342629482071713,1.0
v_YoYo_g19_c02.avi,video_path_20260522_185007_665277_17f8b14e,watermarking,33.98921965815814,0.8873837323382844,0,0.0,0.0
v_YoYo_g19_c02.avi,video_path_20260522_185007_665277_17f8b14e,resized,,,0,0.0,0.0
v_YoYo_g19_c02.avi,video_path_20260522_185007_665277_17f8b14e,frame_dropped,,,22,0.12790697674418605,0.0
v_YoYo_g19_c02.avi,video_path_20260522_185007_665277_17f8b14e,compressed,,,1,0.005813953488372093,0.0
v_YoYo_g19_c02.avi,video_path_20260522_185007_665277_17f8b14e,gauss_noised,,,0,0.0,0.0
v_Rowing_g02_c04.avi,video_path_20260522_185425_139746_d007b43e,watermarking,33.10915408450811,0.8744971670102382,17,0.04106280193236715,0.0
v_Rowing_g02_c04.avi,video_path_20260522_185425_139746_d007b43e,resized,,,32,0.07729468599033816,0.0
v_Rowing_g02_c04.avi,video_path_20260522_185425_139746_d007b43e,frame_dropped,,,63,0.15217391304347827,0.0
v_Rowing_g02_c04.avi,video_path_20260522_185425_139746_d007b43e,compressed,,,65,0.1570048309178744,0.0
v_Rowing_g02_c04.avi,video_path_20260522_185425_139746_d007b43e,gauss_noised,,,43,0.10386473429951691,0.0
v_ParallelBars_g09_c01.avi,video_path_20260522_191240_345073_a0423b0e,watermarking,30.43691529381983,0.7101953231443571,1,0.007874015748031496,0.0
v_ParallelBars_g09_c01.avi,video_path_20260522_191240_345073_a0423b0e,resized,,,4,0.031496062992125984,0.0
v_ParallelBars_g09_c01.avi,video_path_20260522_191240_345073_a0423b0e,frame_dropped,,,13,0.10236220472440945,0.0
v_ParallelBars_g09_c01.avi,video_path_20260522_191240_345073_a0423b0e,compressed,,,13,0.10236220472440945,0.0
v_ParallelBars_g09_c01.avi,video_path_20260522_191240_345073_a0423b0e,gauss_noised,,,4,0.031496062992125984,0.0
v_SoccerPenalty_g11_c04.avi,video_path_20260522_191526_551936_0cabec98,watermarking,32.40611622147622,0.8405339299858391,1,0.012987012987012988,0.0
v_SoccerPenalty_g11_c04.avi,video_path_20260522_191526_551936_0cabec98,resized,,,6,0.07792207792207792,0.0
v_SoccerPenalty_g11_c04.avi,video_path_20260522_191526_551936_0cabec98,frame_dropped,,,10,0.12987012987012986,0.0
v_SoccerPenalty_g11_c04.avi,video_path_20260522_191526_551936_0cabec98,compressed,,,17,0.22077922077922077,0.002
v_SoccerPenalty_g11_c04.avi,video_path_20260522_191526_551936_0cabec98,gauss_noised,,,5,0.06493506493506493,0.0
v_YoYo_g22_c03.avi,video_path_20260522_191649_037769_79db6fd4,watermarking,34.48997029702738,0.905831339267584,0,0.0,0.0
v_YoYo_g22_c03.avi,video_path_20260522_191649_037769_79db6fd4,resized,,,0,0.0,0.0
v_YoYo_g22_c03.avi,video_path_20260522_191649_037769_79db6fd4,frame_dropped,,,27,0.14835164835164835,0.0
v_YoYo_g22_c03.avi,video_path_20260522_191649_037769_79db6fd4,compressed,,,15,0.08241758241758242,0.0
v_YoYo_g22_c03.avi,video_path_20260522_191649_037769_79db6fd4,gauss_noised,,,1,0.005494505494505495,0.0
v_RopeClimbing_g06_c01.avi,video_path_20260522_192129_240794_1311bc7b,watermarking,38.18324122678074,0.9547165604798418,71,0.46710526315789475,1.0
v_RopeClimbing_g06_c01.avi,video_path_20260522_192129_240794_1311bc7b,resized,,,70,0.4605263157894737,1.0
v_RopeClimbing_g06_c01.avi,video_path_20260522_192129_240794_1311bc7b,frame_dropped,,,74,0.4868421052631579,1.0
v_RopeClimbing_g06_c01.avi,video_path_20260522_192129_240794_1311bc7b,compressed,,,72,0.47368421052631576,1.0
v_RopeClimbing_g06_c01.avi,video_path_20260522_192129_240794_1311bc7b,gauss_noised,,,75,0.4934210526315789,1.0
v_Archery_g18_c06.avi,video_path_20260522_192501_894082_caae8343,watermarking,30.76271329268571,0.7433548081666231,0,0.0,0.0
v_Archery_g18_c06.avi,video_path_20260522_192501_894082_caae8343,resized,,,3,0.01875,0.0
v_Archery_g18_c06.avi,video_path_20260522_192501_894082_caae8343,frame_dropped,,,26,0.1625,0.0
v_Archery_g18_c06.avi,video_path_20260522_192501_894082_caae8343,compressed,,,23,0.14375,0.0
v_Archery_g18_c06.avi,video_path_20260522_192501_894082_caae8343,gauss_noised,,,1,0.00625,0.0
v_PoleVault_g24_c05.avi,video_path_20260522_192852_313843_e426c8b5,watermarking,30.522694123654574,0.771648525753442,0,0.0,0.0
v_PoleVault_g24_c05.avi,video_path_20260522_192852_313843_e426c8b5,resized,,,0,0.0,0.0
v_PoleVault_g24_c05.avi,video_path_20260522_192852_313843_e426c8b5,frame_dropped,,,23,0.16911764705882354,0.0
v_PoleVault_g24_c05.avi,video_path_20260522_192852_313843_e426c8b5,compressed,,,2,0.014705882352941176,0.0
v_PoleVault_g24_c05.avi,video_path_20260522_192852_313843_e426c8b5,gauss_noised,,,0,0.0,0.0
v_PlayingPiano_g18_c04.avi,video_path_20260522_193153_877657_06640335,watermarking,35.74937685547115,0.9133210550119848,8,0.03292181069958848,0.0
v_PlayingPiano_g18_c04.avi,video_path_20260522_193153_877657_06640335,resized,,,14,0.05761316872427984,0.0
v_PlayingPiano_g18_c04.avi,video_path_20260522_193153_877657_06640335,frame_dropped,,,43,0.17695473251028807,0.0
v_PlayingPiano_g18_c04.avi,video_path_20260522_193153_877657_06640335,compressed,,,52,0.2139917695473251,0.0
v_PlayingPiano_g18_c04.avi,video_path_20260522_193153_877657_06640335,gauss_noised,,,31,0.12757201646090535,0.0
v_PlayingDhol_g17_c05.avi,video_path_20260522_193913_818407_c3a0ae0e,watermarking,31.759291142544527,0.8215713070717868,4,0.013245033112582781,0.0
v_PlayingDhol_g17_c05.avi,video_path_20260522_193913_818407_c3a0ae0e,resized,,,13,0.04304635761589404,0.0
v_PlayingDhol_g17_c05.avi,video_path_20260522_193913_818407_c3a0ae0e,frame_dropped,,,41,0.1357615894039735,0.0
v_PlayingDhol_g17_c05.avi,video_path_20260522_193913_818407_c3a0ae0e,compressed,,,52,0.17218543046357615,0.0
v_PlayingDhol_g17_c05.avi,video_path_20260522_193913_818407_c3a0ae0e,gauss_noised,,,19,0.06291390728476821,0.0
v_Haircut_g25_c02.avi,video_path_20260522_194947_808451_72d798c6,watermarking,32.35709237307197,0.8579461449690958,0,0.0,0.0
v_Haircut_g25_c02.avi,video_path_20260522_194947_808451_72d798c6,resized,,,12,0.04743083003952569,0.0
v_Haircut_g25_c02.avi,video_path_20260522_194947_808451_72d798c6,frame_dropped,,,40,0.15810276679841898,0.0
v_Haircut_g25_c02.avi,video_path_20260522_194947_808451_72d798c6,compressed,,,46,0.18181818181818182,0.0
v_Haircut_g25_c02.avi,video_path_20260522_194947_808451_72d798c6,gauss_noised,,,12,0.04743083003952569,0.0
v_RopeClimbing_g24_c04.avi,video_path_20260522_195737_860447_05bdd229,watermarking,35.74367215052961,0.9338151229752435,8,0.044444444444444446,0.0
v_RopeClimbing_g24_c04.avi,video_path_20260522_195737_860447_05bdd229,resized,,,25,0.1388888888888889,0.0
v_RopeClimbing_g24_c04.avi,video_path_20260522_195737_860447_05bdd229,frame_dropped,,,47,0.2611111111111111,0.005
v_RopeClimbing_g24_c04.avi,video_path_20260522_195737_860447_05bdd229,compressed,,,41,0.22777777777777777,0.0
v_RopeClimbing_g24_c04.avi,video_path_20260522_195737_860447_05bdd229,gauss_noised,,,40,0.2222222222222222,0.0
v_FrontCrawl_g19_c03.avi,video_path_20260522_200212_872163_288af10b,watermarking,31.05215406282856,0.7844863968590895,0,0.0,0.0
v_FrontCrawl_g19_c03.avi,video_path_20260522_200212_872163_288af10b,resized,,,1,0.010416666666666666,0.0
v_FrontCrawl_g19_c03.avi,video_path_20260522_200212_872163_288af10b,frame_dropped,,,22,0.22916666666666666,0.001
v_FrontCrawl_g19_c03.avi,video_path_20260522_200212_872163_288af10b,compressed,,,6,0.0625,0.0
v_FrontCrawl_g19_c03.avi,video_path_20260522_200212_872163_288af10b,gauss_noised,,,2,0.020833333333333332,0.0
v_PizzaTossing_g10_c04.avi,video_path_20260522_200403_865829_a260205a,watermarking,32.207029594935705,0.8685830416886703,0,0.0,0.0
v_PizzaTossing_g10_c04.avi,video_path_20260522_200403_865829_a260205a,resized,,,0,0.0,0.0
v_PizzaTossing_g10_c04.avi,video_path_20260522_200403_865829_a260205a,frame_dropped,,,18,0.1956521739130435,0.0
v_PizzaTossing_g10_c04.avi,video_path_20260522_200403_865829_a260205a,compressed,,,5,0.05434782608695652,0.0
v_PizzaTossing_g10_c04.avi,video_path_20260522_200403_865829_a260205a,gauss_noised,,,0,0.0,0.0
v_VolleyballSpiking_g13_c04.avi,video_path_20260522_200548_304224_6b2fe059,watermarking,36.30879372972951,0.9293253233161154,0,0.0,0.0
v_VolleyballSpiking_g13_c04.avi,video_path_20260522_200548_304224_6b2fe059,resized,,,2,0.02531645569620253,0.0
v_VolleyballSpiking_g13_c04.avi,video_path_20260522_200548_304224_6b2fe059,frame_dropped,,,8,0.10126582278481013,0.0
v_VolleyballSpiking_g13_c04.avi,video_path_20260522_200548_304224_6b2fe059,compressed,,,17,0.21518987341772153,0.001
v_VolleyballSpiking_g13_c04.avi,video_path_20260522_200548_304224_6b2fe059,gauss_noised,,,4,0.05063291139240506,0.0
v_TennisSwing_g22_c05.avi,video_path_20260522_200713_246333_fc039ac6,watermarking,32.793081692290194,0.8408087932333654,0,0.0,0.0
v_TennisSwing_g22_c05.avi,video_path_20260522_200713_246333_fc039ac6,resized,,,1,0.004081632653061225,0.0
v_TennisSwing_g22_c05.avi,video_path_20260522_200713_246333_fc039ac6,frame_dropped,,,51,0.20816326530612245,0.0
v_TennisSwing_g22_c05.avi,video_path_20260522_200713_246333_fc039ac6,compressed,,,3,0.012244897959183673,0.0
v_TennisSwing_g22_c05.avi,video_path_20260522_200713_246333_fc039ac6,gauss_noised,,,1,0.004081632653061225,0.0
v_StillRings_g23_c04.avi,video_path_20260522_201439_736573_a6756c09,watermarking,31.620655347633633,0.8156027352809906,2,0.013333333333333334,0.0
v_StillRings_g23_c04.avi,video_path_20260522_201439_736573_a6756c09,resized,,,2,0.013333333333333334,0.0
v_StillRings_g23_c04.avi,video_path_20260522_201439_736573_a6756c09,frame_dropped,,,32,0.21333333333333335,0.0
v_StillRings_g23_c04.avi,video_path_20260522_201439_736573_a6756c09,compressed,,,15,0.1,0.0
v_StillRings_g23_c04.avi,video_path_20260522_201439_736573_a6756c09,gauss_noised,,,3,0.02,0.0
v_PlayingDhol_g02_c02.avi,video_path_20260522_201809_641570_1a7bae2d,watermarking,33.8168087394355,0.8979180711214659,54,0.17704918032786884,0.0
v_PlayingDhol_g02_c02.avi,video_path_20260522_201809_641570_1a7bae2d,resized,,,109,0.35737704918032787,1.0
v_PlayingDhol_g02_c02.avi,video_path_20260522_201809_641570_1a7bae2d,frame_dropped,,,123,0.40327868852459015,1.0
v_PlayingDhol_g02_c02.avi,video_path_20260522_201809_641570_1a7bae2d,compressed,,,147,0.4819672131147541,1.0
v_PlayingDhol_g02_c02.avi,video_path_20260522_201809_641570_1a7bae2d,gauss_noised,,,112,0.36721311475409835,1.0
v_BlowingCandles_g18_c01.avi,video_path_20260522_202851_777597_93b47c23,watermarking,35.36670662150309,0.8982225101773101,17,0.16831683168316833,0.0
v_BlowingCandles_g18_c01.avi,video_path_20260522_202851_777597_93b47c23,resized,,,23,0.22772277227722773,0.0
v_BlowingCandles_g18_c01.avi,video_path_20260522_202851_777597_93b47c23,frame_dropped,,,30,0.297029702970297,0.249
v_BlowingCandles_g18_c01.avi,video_path_20260522_202851_777597_93b47c23,compressed,,,32,0.31683168316831684,0.522
v_BlowingCandles_g18_c01.avi,video_path_20260522_202851_777597_93b47c23,gauss_noised,,,29,0.2871287128712871,0.137
v_PlayingTabla_g18_c06.avi,video_path_20260522_203050_265211_ea3b4fee,watermarking,33.29343392923354,0.8765289897486668,2,0.006711409395973154,0.0
v_PlayingTabla_g18_c06.avi,video_path_20260522_203050_265211_ea3b4fee,resized,,,8,0.026845637583892617,0.0
v_PlayingTabla_g18_c06.avi,video_path_20260522_203050_265211_ea3b4fee,frame_dropped,,,41,0.13758389261744966,0.0
v_PlayingTabla_g18_c06.avi,video_path_20260522_203050_265211_ea3b4fee,compressed,,,53,0.17785234899328858,0.0
v_PlayingTabla_g18_c06.avi,video_path_20260522_203050_265211_ea3b4fee,gauss_noised,,,22,0.0738255033557047,0.0
v_BoxingPunchingBag_g22_c01.avi,video_path_20260522_204107_862214_354cff9b,watermarking,34.15300518236826,0.9155472845866762,14,0.0603448275862069,0.0
v_BoxingPunchingBag_g22_c01.avi,video_path_20260522_204107_862214_354cff9b,resized,,,43,0.1853448275862069,0.0
v_BoxingPunchingBag_g22_c01.avi,video_path_20260522_204107_862214_354cff9b,frame_dropped,,,52,0.22413793103448276,0.0
v_BoxingPunchingBag_g22_c01.avi,video_path_20260522_204107_862214_354cff9b,compressed,,,81,0.34913793103448276,0.989
v_BoxingPunchingBag_g22_c01.avi,video_path_20260522_204107_862214_354cff9b,gauss_noised,,,38,0.16379310344827586,0.0
v_PlayingDaf_g02_c02.avi,video_path_20260522_204756_967903_da79fc85,watermarking,34.79179292535275,0.9295092256187083,0,0.0,0.0
v_PlayingDaf_g02_c02.avi,video_path_20260522_204756_967903_da79fc85,resized,,,4,0.01098901098901099,0.0
v_PlayingDaf_g02_c02.avi,video_path_20260522_204756_967903_da79fc85,frame_dropped,,,41,0.11263736263736264,0.0
v_PlayingDaf_g02_c02.avi,video_path_20260522_204756_967903_da79fc85,compressed,,,23,0.06318681318681318,0.0
v_PlayingDaf_g02_c02.avi,video_path_20260522_204756_967903_da79fc85,gauss_noised,,,1,0.0027472527472527475,0.0
v_BabyCrawling_g09_c02.avi,video_path_20260522_210301_358710_2d5c6709,watermarking,32.89222545214415,0.8090918499070245,6,0.02702702702702703,0.0
v_BabyCrawling_g09_c02.avi,video_path_20260522_210301_358710_2d5c6709,resized,,,21,0.0945945945945946,0.0
v_BabyCrawling_g09_c02.avi,video_path_20260522_210301_358710_2d5c6709,frame_dropped,,,46,0.2072072072072072,0.0
v_BabyCrawling_g09_c02.avi,video_path_20260522_210301_358710_2d5c6709,compressed,,,71,0.31981981981981983,0.821
v_BabyCrawling_g09_c02.avi,video_path_20260522_210301_358710_2d5c6709,gauss_noised,,,29,0.13063063063063063,0.0
v_Mixing_g05_c04.avi,video_path_20260522_210937_624720_bc370b15,watermarking,34.4650848498255,0.8451589911671008,6,0.05084745762711865,0.0
v_Mixing_g05_c04.avi,video_path_20260522_210937_624720_bc370b15,resized,,,27,0.2288135593220339,0.0
v_Mixing_g05_c04.avi,video_path_20260522_210937_624720_bc370b15,frame_dropped,,,26,0.22033898305084745,0.0
v_Mixing_g05_c04.avi,video_path_20260522_210937_624720_bc370b15,compressed,,,55,0.4661016949152542,1.0
v_Mixing_g05_c04.avi,video_path_20260522_210937_624720_bc370b15,gauss_noised,,,33,0.2796610169491525,0.048
v_HighJump_g04_c02.avi,video_path_20260522_211210_629059_7bbba47d,watermarking,31.28263554700104,0.7883914129601585,14,0.09722222222222222,0.0
v_HighJump_g04_c02.avi,video_path_20260522_211210_629059_7bbba47d,resized,,,25,0.1736111111111111,0.0
v_HighJump_g04_c02.avi,video_path_20260522_211210_629059_7bbba47d,frame_dropped,,,36,0.25,0.002
v_HighJump_g04_c02.avi,video_path_20260522_211210_629059_7bbba47d,compressed,,,36,0.25,0.002
v_HighJump_g04_c02.avi,video_path_20260522_211210_629059_7bbba47d,gauss_noised,,,25,0.1736111111111111,0.0
v_Punch_g16_c06.avi,video_path_20260522_211537_950494_43ae4262,watermarking,30.92834403640989,0.8528516968091329,0,0.0,0.0
v_Punch_g16_c06.avi,video_path_20260522_211537_950494_43ae4262,resized,,,0,0.0,0.0
